CustomerID,BranchID,AccountNumber,AccountType,Balance,Status,OpenDate
1,9,52278841677794,Savings,872869.44,Blocked,2022-11-04
2,1,52678479710317,Current,953556.38,Active,2020-09-08
3,10,52267237967317,Savings,1198749.63,Active,2023-05-21
4,4,52428218335872,Savings,2333328.78,Active,2021-07-01
5,6,52810302053057,Current,1862321.27,Active,2023-06-26
6,6,52496746970607,Savings,2281161.3,Active,2023-12-04
7,3,52933052040137,Savings,1499766.01,Active,2019-05-26
8,5,52400493654606,Savings,2067294.77,Active,2019-02-09
9,8,52469656690579,Savings,1467730.65,Active,2021-04-10
10,10,52996332506089,Savings,1306236.24,Active,2021-12-12
11,5,52846995360644,Current,1929118.55,Blocked,2023-12-02
12,7,52229350196436,Savings,1153493.72,Active,2019-02-03
13,6,52737404777556,Savings,1433161.07,Active,2020-07-09
14,2,52702012460569,Savings,1966218.46,Active,2024-06-04
15,5,52988104344419,Savings,63633.41,Active,2024-08-15
16,2,52118955715534,Current,1431073.08,Active,2024-06-28
17,1,52858651454074,Savings,1522186.54,Active,2022-09-06
18,10,52598617605136,Savings,351737.57,Active,2023-08-10
19,7,52821969621774,Savings,712588.03,Active,2019-06-28
20,2,52006546753389,Savings,2107999.17,Active,2024-05-07
21,5,52828722393101,Savings,1472293.38,Active,2019-10-19
22,9,52623822231798,Savings,1083146.09,Active,2024-03-23
23,8,52372602634310,Savings,1333223.66,Active,2022-01-23
24,8,52630620288693,Savings,2050010.97,Active,2024-04-24
25,7,52285805116766,Savings,2452073.23,Active,2022-06-18
26,3,52754033405551,Savings,986423.24,Active,2020-03-16
27,10,52105264188129,Current,1716577.59,Active,2021-06-19
28,8,52763427709023,Current,1152525.62,Active,2019-06-30
29,10,52790513738038,Current,486927.83,Active,2023-04-08
30,2,52965710467746,Savings,2244364.33,Active,2024-10-25
31,3,52216694020984,Savings,801457.48,Active,2020-03-11
32,7,52406779485660,Savings,2026845.52,Active,2024-05-30
33,1,52082399985997,Savings,1073043.93,Active,2024-12-22
34,3,52871428603180,Savings,2286490.68,Active,2019-05-26
35,10,52944126369694,Savings,679377.83,Active,2021-12-05
36,8,52507518535112,Current,2458412.93,Active,2021-03-13
37,4,52519367009916,Savings,265301.08,Active,2023-09-03
38,9,52917245120618,Savings,2498480.25,Active,2024-09-28
39,8,52854326611540,Savings,2484377.56,Active,2019-02-22
40,3,52271392362890,Current,1351405.67,Active,2020-07-23
41,10,52395222886871,Savings,612548.44,Active,2024-08-03
42,4,52710619370772,Savings,574675.11,Active,2021-06-25
43,3,52823140452698,Savings,450734.58,Active,2022-08-12
44,6,52034010829444,Current,880564.34,Active,2024-03-31
45,8,52901770300510,Savings,2169275.43,Active,2020-02-15
46,9,52770792292824,Savings,388759.08,Blocked,2024-06-28
47,8,52432703623502,Savings,1801490.97,Active,2023-10-21
48,8,52086242569753,Savings,15374.86,Active,2022-01-14
49,10,52232906590668,Current,476569.7,Active,2024-02-13
50,5,52878896671280,Savings,2340612.57,Active,2019-04-16
51,2,52832262348580,Savings,2383796.87,Active,2023-01-19
52,1,52023783637214,Savings,2216100.05,Active,2022-11-30
53,5,52174434735092,Savings,402780.57,Active,2021-09-25
54,4,52982351238467,Savings,2152351.32,Active,2019-08-14
55,8,52876894383009,Savings,2271506.74,Active,2019-03-12
56,9,52189286335325,Savings,456071.44,Active,2024-11-09
57,3,52086738971179,Savings,1526947.81,Active,2022-03-26
58,9,52652203925833,Savings,1615223.14,Closed,2021-11-13
59,8,52647394099173,Savings,980566.33,Active,2019-04-22
60,9,52715234041779,Savings,1132116.65,Active,2022-01-07
61,7,52333728777337,Savings,358923.14,Active,2020-03-14
62,5,52046657862112,Savings,972473.99,Active,2023-11-29
63,6,52985607917442,Savings,2092980.26,Active,2019-02-01
64,1,52476310344996,Savings,158102.59,Active,2023-11-23
65,6,52648160628951,Current,651649.44,Active,2020-06-02
66,10,52701758775227,Savings,2395255.79,Active,2021-12-06
67,5,52917028618725,Savings,1905327.89,Active,2019-08-19
68,5,52265973014485,Savings,106664.1,Active,2020-02-03
69,5,52066182782172,Current,2221046.68,Active,2022-01-05
70,4,52801826765446,Savings,648074.85,Active,2023-10-24
71,7,52387279240236,Savings,1747151.77,Active,2020-09-02
72,9,52863162799240,Savings,2163823.45,Active,2022-08-27
73,10,52522252293741,Savings,77980.66,Active,2024-09-05
74,9,52996984693713,Current,1205857.09,Active,2022-06-03
75,9,52962018485692,Savings,688349.08,Active,2024-05-25
76,6,52682480545295,Savings,1909218.74,Active,2019-03-08
77,2,52631670567256,Savings,2341235.01,Active,2019-01-09
78,5,52853679933713,Savings,1062480.78,Active,2021-04-12
79,9,52789002354798,Savings,1003415.53,Active,2019-01-07
80,10,52147377688334,Savings,1463362.69,Active,2023-10-18
81,6,52910190119181,Savings,1955113.41,Active,2019-07-08
82,5,52154731396104,Savings,2477286.68,Active,2022-07-06
83,10,52533141503048,Savings,23839.31,Active,2024-01-07
84,9,52893471052500,Savings,1101060.46,Active,2020-09-06
85,8,52780344896682,Savings,2334915.37,Active,2024-04-22
86,9,52879753201044,Savings,2351519.87,Closed,2019-11-01
87,7,52507197700638,Savings,822487.88,Active,2020-10-03
88,5,52252777075518,Savings,1223205.67,Active,2023-04-21
89,7,52672266465951,Savings,2388254.86,Active,2021-10-21
90,2,52462533987661,Savings,146593.99,Active,2023-11-28
91,7,52964594894152,Savings,455321.96,Active,2022-02-27
92,1,52460570578709,Savings,1061856.92,Active,2020-06-01
93,6,52181035230280,Current,144597.32,Active,2023-09-26
94,7,52384290563595,Current,785542.1,Active,2021-01-13
95,10,52469886679136,Savings,180902.55,Active,2021-05-29
96,6,52033714122676,Savings,689391.77,Active,2024-05-29
97,9,52411902412158,Savings,1723770.92,Active,2022-08-26
98,1,52817733861418,Savings,660159.94,Active,2022-05-29
99,4,52115579892186,Savings,1501518.82,Closed,2019-10-12
100,2,52016800311494,Current,2245952.69,Active,2020-06-08
101,1,52552279415088,Savings,801983.99,Active,2024-03-25
102,10,52168957809418,Current,548648.36,Active,2020-04-26
103,5,52127592680250,Savings,2197209.61,Active,2023-08-20
104,3,52116540767522,Current,938548.35,Active,2021-07-26
105,2,52856754150713,Savings,2073712.11,Active,2020-04-19
106,7,52710738936413,Savings,2125457.59,Active,2020-03-15
107,9,52211461392137,Savings,2255289.49,Active,2019-03-08
108,6,52231410271562,Savings,855699.04,Active,2019-12-29
109,2,52255253641371,Savings,2370837.38,Active,2021-01-19
110,2,52409187034099,Current,737059.95,Active,2024-06-21
111,3,52671250927994,Savings,2133233.54,Active,2019-11-17
112,3,52839612990924,Current,2189418.02,Active,2024-09-17
113,1,52978943880962,Savings,381330.87,Active,2022-12-25
114,4,52514970095054,Current,853561.93,Blocked,2021-03-02
115,10,52637556356531,Savings,1864163.88,Active,2022-06-16
116,2,52159632686893,Savings,1406190.96,Active,2020-01-28
117,1,52353381596471,Savings,543327.92,Active,2019-08-30
118,6,52402914450198,Savings,985234.89,Active,2023-07-23
119,9,52995210365435,Savings,894082.39,Active,2024-05-01
120,5,52404157925559,Savings,2321834.8,Active,2022-10-23
121,3,52121277883098,Savings,2363977.04,Active,2023-11-12
122,5,52589408637662,Savings,2283027.43,Active,2024-09-08
123,7,52827989968086,Savings,2181667.84,Active,2023-07-22
124,7,52628743807245,Savings,3326.62,Active,2024-05-17
125,1,52468486283003,Current,1149481.96,Active,2024-02-28
126,10,52409433163537,Savings,1723465.61,Active,2020-12-08
127,2,52882829043597,Savings,806317.07,Active,2020-03-25
128,8,52929772492385,Savings,750665.36,Active,2023-10-17
129,4,52757198555088,Savings,143463.67,Active,2019-04-09
130,8,52759660039554,Savings,1123351.38,Active,2024-08-07
131,10,52433153900809,Savings,2080737.89,Active,2022-06-08
132,4,52833807457097,Savings,363236.35,Active,2022-04-12
133,2,52507745411215,Savings,2073519.64,Active,2019-11-07
134,9,52317987729553,Savings,505113.1,Active,2020-12-13
135,1,52172381619814,Savings,2126155.13,Active,2023-08-10
136,7,52716783505330,Savings,448394.6,Active,2019-11-18
137,7,52000271573299,Savings,277299.1,Active,2022-08-29
138,8,52328148197623,Savings,150894.52,Active,2021-11-22
139,1,52142634829639,Savings,1608814.86,Closed,2022-11-29
140,1,52251606383420,Current,1327195.31,Active,2022-05-19
141,5,52790230964950,Savings,2432542.7,Active,2021-06-09
142,6,52727537485703,Current,349649.17,Active,2019-03-27
143,3,52862099347010,Current,2354033.41,Active,2022-02-01
144,7,52590811836885,Savings,1442581.58,Active,2024-10-04
145,9,52517488518463,Savings,2009873.63,Active,2019-08-20
146,6,52304714438873,Savings,1841268.14,Active,2023-04-17
147,10,52294633292247,Savings,1368539.49,Active,2022-10-21
148,2,52720614478994,Savings,564397.46,Active,2020-01-01
149,7,52350505094282,Savings,369078.85,Active,2021-04-14
150,3,52961904030567,Current,2449841.2,Active,2021-02-26
151,6,52701639107221,Savings,909852.09,Active,2024-06-14
152,10,52565618121926,Savings,23896.29,Active,2024-08-12
153,7,52348901231721,Savings,923848.42,Active,2020-08-13
154,8,52389522814127,Savings,1808577.72,Active,2019-12-30
155,2,52272068947400,Current,1613792.64,Active,2019-06-24
156,3,52310156603479,Savings,611759.17,Active,2019-11-14
157,2,52977741578549,Savings,1438355.83,Active,2021-04-25
158,6,52581929754658,Savings,1499387.15,Active,2019-01-21
159,3,52846565724642,Savings,274846.73,Active,2021-02-13
160,7,52017313246342,Savings,630981.38,Active,2023-02-21
161,4,52503506146673,Savings,886240.71,Active,2019-10-08
162,2,52531175734459,Current,1131168.11,Active,2019-05-01
163,6,52928341741808,Current,759860.47,Active,2019-06-14
164,7,52326098823964,Savings,413856.58,Active,2020-04-10
165,6,52118079757582,Current,336867.42,Active,2019-09-19
166,1,52170522028226,Savings,107261.59,Active,2019-01-04
167,6,52353866184755,Current,2155421.45,Active,2020-06-25
168,7,52670740534082,Savings,527601.28,Active,2023-04-01
169,10,52714593134699,Savings,2008795.09,Active,2023-11-02
170,9,52726148309894,Current,2458470.57,Active,2022-09-10
171,6,52273752008302,Savings,1256275.2,Active,2021-11-26
172,6,52571199829061,Savings,2249928.0,Active,2024-09-07
173,3,52865425623317,Savings,342799.72,Active,2021-09-02
174,10,52498433516516,Savings,670254.23,Active,2022-11-13
175,1,52139587624977,Savings,1002401.61,Active,2022-01-31
176,10,52095018910716,Savings,631442.56,Active,2019-11-18
177,1,52408155209977,Current,1444682.25,Active,2023-06-30
178,9,52701632310058,Current,2210750.66,Active,2022-03-22
179,6,52880552046903,Current,2315932.93,Active,2019-01-16
180,2,52262500732978,Savings,1728046.94,Active,2022-09-24
181,4,52636872432378,Savings,1359065.63,Active,2019-04-26
182,4,52856491914171,Savings,1239690.92,Active,2021-09-10
183,10,52427928876224,Current,991487.98,Active,2020-06-25
184,9,52594380776757,Savings,1167318.94,Active,2022-07-13
185,4,52402984657895,Current,1610454.01,Active,2023-03-25
186,5,52134664832624,Savings,464307.74,Active,2023-11-03
187,3,52883636939342,Savings,1765548.31,Active,2020-01-11
188,4,52337949821848,Savings,986382.28,Active,2024-05-17
189,7,52132598080428,Savings,32496.82,Blocked,2024-06-26
190,8,52760127304494,Savings,2433113.01,Active,2023-01-14
191,4,52893267682485,Savings,282588.2,Active,2021-11-24
192,1,52225943834571,Current,1426699.41,Active,2021-06-21
193,2,52079440089159,Savings,132189.52,Active,2020-07-26
194,10,52713633496317,Savings,618730.57,Active,2020-06-19
195,1,52111743675593,Savings,1834108.75,Closed,2022-02-10
196,4,52097719931481,Savings,619948.65,Active,2019-02-26
197,7,52659061174419,Savings,743708.95,Blocked,2021-05-21
198,2,52430756922907,Savings,1727607.71,Active,2023-03-03
199,4,52311429605700,Savings,1969463.34,Active,2019-04-14
200,2,52113833750678,Savings,242147.68,Active,2019-07-09
201,9,52872993728095,Savings,702400.12,Active,2023-11-02
202,1,52242393542227,Savings,1327714.94,Active,2019-11-03
203,5,52147916360034,Savings,1581070.3,Active,2024-06-23
204,7,52823547704040,Savings,1117453.42,Active,2022-11-25
205,6,52735877988593,Savings,714260.44,Active,2022-03-24
206,7,52055241056286,Savings,93281.2,Active,2023-09-24
207,5,52177564203832,Savings,968791.24,Active,2023-04-19
208,8,52217378687691,Savings,384660.69,Active,2021-07-14
209,4,52558393288587,Savings,1500223.03,Active,2020-03-23
210,3,52441830087667,Savings,640917.23,Active,2020-07-27
211,9,52780023019913,Savings,2240348.68,Active,2024-02-17
212,3,52288981415344,Savings,1949676.35,Active,2022-11-16
213,4,52231558568074,Savings,575943.17,Active,2022-09-25
214,7,52296768851809,Savings,1923848.02,Active,2019-10-10
215,3,52692726935233,Current,519349.95,Active,2022-01-26
216,1,52839694832518,Current,561356.31,Active,2021-06-07
217,4,52186794636195,Savings,1880026.86,Active,2020-07-04
218,2,52633271380331,Savings,2291617.96,Active,2019-04-09
219,1,52134434621220,Current,1451857.33,Active,2022-11-20
220,8,52102691848939,Savings,558725.85,Active,2020-09-30
221,2,52503528668868,Current,991931.21,Active,2020-04-03
222,5,52474759047250,Savings,909309.46,Active,2019-06-21
223,5,52466595921755,Savings,195080.55,Active,2022-06-18
224,5,52322957290148,Savings,1481138.07,Active,2019-12-25
225,2,52935834147350,Savings,5317.03,Active,2022-10-31
226,9,52627152448980,Savings,1677738.92,Active,2019-08-09
227,2,52921233895818,Savings,1998792.3,Active,2022-09-27
228,2,52134840190223,Savings,204418.53,Active,2022-05-02
229,10,52257934992839,Savings,955972.18,Active,2022-06-12
230,8,52293747469564,Savings,521027.73,Active,2020-05-10
231,4,52132826887956,Savings,818452.89,Active,2021-07-12
232,1,52881452217295,Savings,238952.99,Closed,2021-12-21
233,2,52963224276602,Savings,2281439.03,Active,2024-09-12
234,8,52639449656249,Savings,2047957.39,Active,2022-04-14
235,1,52732540963084,Savings,1465247.26,Active,2024-11-11
236,8,52737246919198,Current,2069254.06,Active,2024-01-25
237,7,52303029962390,Savings,1361508.48,Active,2022-03-03
238,10,52556856861758,Savings,1354049.05,Active,2024-07-05
239,6,52409916403789,Savings,1463970.74,Active,2021-06-22
240,6,52844889786922,Savings,1055214.17,Active,2023-06-20
241,7,52488908771805,Current,1108344.51,Active,2023-03-08
242,1,52703126487490,Savings,254033.81,Active,2024-04-08
243,5,52934160014432,Savings,578671.05,Active,2024-11-12
244,5,52981725719822,Savings,1302665.87,Active,2023-06-04
245,2,52326017628911,Savings,215749.22,Active,2021-12-15
246,5,52445831218062,Savings,193998.13,Active,2021-12-02
247,6,52178498537241,Savings,1545334.73,Active,2023-04-16
248,3,52480818107006,Savings,674648.83,Active,2024-07-17
249,6,52227748019695,Current,693110.57,Active,2022-09-28
250,10,52668928839648,Savings,2313963.17,Active,2020-07-17
251,1,52790061897160,Savings,624189.81,Active,2022-06-10
252,6,52406050538781,Savings,1131802.17,Active,2021-12-25
253,6,52307949682613,Savings,2398648.09,Active,2020-02-23
254,1,52206075991329,Current,2215180.21,Active,2020-03-24
255,10,52184512236029,Savings,987425.62,Active,2024-01-01
256,9,52361447517628,Current,337460.91,Active,2020-06-27
257,6,52363446794656,Savings,186739.7,Active,2024-07-02
258,10,52296286890502,Savings,1067294.65,Active,2021-06-03
259,8,52859164414732,Current,1059227.9,Active,2019-12-18
260,6,52380431856931,Savings,1010491.47,Active,2022-09-04
261,3,52646796033293,Savings,1172552.46,Active,2024-03-09
262,3,52857168050455,Savings,2149433.97,Active,2021-10-26
263,2,52798405965522,Savings,2040202.17,Active,2022-05-25
264,5,52998214904719,Savings,1339312.28,Active,2020-04-10
265,8,52989812368731,Savings,2478792.98,Active,2020-05-12
266,4,52171744432958,Savings,109206.11,Active,2022-08-21
267,5,52831167329855,Savings,828066.79,Active,2020-01-05
268,7,52148192949798,Savings,2431657.54,Active,2019-04-29
269,2,52009015937451,Current,781921.28,Active,2020-02-18
270,5,52666260365084,Savings,1200852.53,Active,2020-02-18
271,4,52430700501108,Savings,748521.39,Active,2021-03-13
272,7,52932693259298,Current,1448536.6,Active,2022-08-05
273,1,52880681448192,Current,1858305.23,Active,2023-06-28
274,7,52337922794760,Current,1397279.29,Active,2023-07-23
275,3,52999280598009,Savings,838027.09,Active,2024-03-20
276,4,52843327591257,Savings,1676957.07,Active,2023-12-14
277,6,52825231901806,Savings,1471519.89,Active,2020-11-24
278,7,52072525660266,Savings,555610.61,Active,2019-01-15
279,6,52692839263755,Savings,2419169.6,Active,2020-12-16
280,2,52157859945474,Savings,2220071.36,Active,2021-06-27
281,3,52925656047765,Savings,5361.82,Active,2024-05-04
282,8,52732172516147,Savings,1739602.49,Active,2024-10-04
283,1,52903901698667,Savings,561853.92,Active,2019-02-03
284,2,52959259092922,Savings,2180645.0,Active,2024-09-07
285,10,52648054931438,Savings,50575.56,Active,2022-04-21
286,6,52548615613291,Savings,510639.77,Active,2023-08-18
287,10,52557431788122,Savings,2109748.23,Active,2023-03-10
288,5,52146463967338,Savings,1014096.35,Active,2024-08-30
289,8,52754422961213,Savings,1845357.0,Active,2023-01-15
290,5,52467929385140,Savings,2076096.08,Active,2023-05-29
291,5,52873976455987,Savings,981522.84,Active,2022-01-18
292,5,52892778126626,Savings,1950046.12,Active,2024-02-09
293,7,52267789898108,Savings,1337148.49,Active,2019-03-25
294,4,52982160350407,Current,1971420.51,Active,2023-04-29
295,2,52421826541046,Current,880244.01,Active,2020-01-10
296,10,52605645669135,Current,1930934.55,Active,2019-06-06
297,5,52049690831376,Savings,1700011.36,Active,2020-10-17
298,3,52154084271339,Savings,1757239.02,Active,2023-08-05
299,1,52067919233257,Savings,513202.49,Active,2024-11-07
300,4,52044043706097,Savings,397241.13,Active,2024-11-04
301,9,52415431436366,Savings,496315.5,Active,2021-09-21
302,10,52942120831303,Current,738659.98,Active,2019-10-05
303,6,52220866124626,Savings,1352177.86,Active,2019-01-24
304,5,52935637592847,Savings,1402600.67,Active,2022-10-28
305,1,52636247227511,Savings,1671150.96,Active,2019-03-24
306,6,52910193726590,Savings,1342330.54,Active,2020-09-01
307,3,52796647133623,Savings,1725023.18,Active,2021-11-13
308,8,52112859501898,Savings,1024196.7,Active,2020-12-07
309,7,52661693695787,Savings,2054084.25,Active,2023-11-27
310,9,52905057834621,Current,83687.44,Active,2019-08-23
311,6,52672991644607,Savings,2353127.98,Active,2022-10-12
312,3,52540072516877,Current,2320544.99,Active,2024-11-13
313,3,52239881339803,Current,301875.35,Active,2022-10-21
314,2,52553105457030,Savings,20541.84,Blocked,2023-10-23
315,8,52768906371148,Savings,2186550.27,Closed,2023-05-24
316,4,52102596816836,Savings,226684.82,Active,2022-04-20
317,10,52252647840582,Savings,446346.28,Active,2023-10-01
318,2,52459931883933,Current,1743090.22,Active,2021-10-21
319,5,52168476120304,Current,1842076.34,Active,2021-06-26
320,2,52230027769053,Savings,2300605.77,Active,2022-05-25
321,3,52670668462597,Savings,2126565.13,Active,2022-10-05
322,4,52377526701774,Savings,2369076.39,Active,2024-09-24
323,9,52128101354326,Savings,242433.1,Active,2019-08-30
324,10,52574187557107,Savings,704198.49,Active,2024-05-01
325,1,52590864621729,Current,2133179.06,Active,2020-09-24
326,2,52686169782863,Savings,1439578.63,Active,2020-05-01
327,7,52767810976972,Savings,1263897.52,Active,2020-09-27
328,5,52916449320705,Savings,1957911.32,Active,2019-12-26
329,5,52770445470986,Savings,809494.07,Blocked,2019-06-21
330,4,52349875282993,Savings,946673.66,Active,2022-03-27
331,5,52334862063031,Savings,1557485.28,Blocked,2020-10-20
332,1,52786859364683,Savings,1763272.21,Active,2024-10-09
333,9,52452547752360,Savings,422129.32,Active,2023-02-16
334,7,52599776467941,Savings,381795.52,Active,2020-10-05
335,10,52037182902663,Savings,2319165.61,Active,2023-09-23
336,3,52471238552852,Savings,165419.03,Active,2019-08-26
337,4,52965265262701,Savings,374826.58,Active,2019-10-16
338,5,52846832943692,Savings,2290799.04,Active,2021-01-26
339,3,52385136118164,Savings,2495291.95,Active,2020-02-10
340,3,52466291485188,Savings,90509.59,Active,2021-04-13
341,6,52091194742550,Savings,1492237.6,Active,2022-10-30
342,7,52262382352669,Savings,1375842.6,Active,2019-06-21
343,3,52019917979189,Savings,817408.39,Active,2024-07-25
344,8,52552088078437,Savings,308473.28,Active,2019-03-07
345,10,52974218654359,Current,1551739.36,Active,2020-02-19
346,5,52814978350830,Savings,186783.95,Active,2020-04-15
347,8,52677413243185,Savings,456911.13,Active,2023-05-13
348,1,52872864877309,Savings,646695.39,Active,2024-12-20
349,8,52168647618362,Savings,1198411.71,Active,2019-11-18
350,7,52327282315617,Savings,718588.85,Active,2024-04-08
351,5,52613123052889,Savings,637194.6,Active,2024-05-15
352,8,52911088010358,Current,2006531.08,Active,2019-09-09
353,6,52041448660292,Savings,692603.64,Active,2020-11-12
354,1,52613170364858,Savings,190162.61,Active,2021-09-11
355,2,52153881260481,Savings,1584666.66,Active,2021-04-29
356,2,52886680867895,Savings,16481.1,Active,2019-07-15
357,9,52046586109410,Savings,1880137.69,Active,2019-03-30
358,8,52669453550209,Savings,1910806.88,Active,2019-09-20
359,2,52548551049991,Savings,702384.36,Blocked,2022-06-22
360,9,52286865929573,Savings,1725098.63,Active,2022-07-03
361,2,52266722153316,Savings,1214597.35,Active,2019-11-18
362,9,52768136241598,Savings,1149722.13,Active,2023-10-10
363,1,52303821844915,Savings,301075.45,Active,2021-10-27
364,8,52752289905680,Savings,782706.09,Active,2023-04-19
365,6,52192717055611,Current,2103253.08,Blocked,2019-02-27
366,7,52223124626034,Savings,98730.12,Active,2024-12-16
367,7,52967378785744,Savings,1543456.66,Active,2019-09-25
368,10,52556416886175,Savings,1752024.96,Active,2023-06-03
369,4,52222588212663,Current,1418009.06,Active,2024-04-10
370,2,52577467633331,Savings,2296645.97,Active,2020-12-28
371,9,52332694231011,Savings,1299940.66,Active,2019-08-04
372,2,52882110386015,Savings,1654976.58,Closed,2021-10-05
373,3,52121512715769,Current,90270.45,Active,2023-04-10
374,5,52360867993277,Savings,441318.25,Active,2019-09-02
375,4,52078891570471,Savings,1245366.42,Active,2020-02-27
376,2,52998991744683,Current,1961147.71,Closed,2019-12-05
377,3,52700783698961,Savings,1413973.96,Active,2020-07-02
378,10,52570192861119,Savings,1102358.89,Active,2020-05-30
379,9,52222441892150,Savings,1349206.39,Active,2023-12-30
380,3,52719280804002,Savings,607128.64,Active,2021-01-10
381,9,52935185942718,Savings,935077.17,Active,2022-12-30
382,4,52568224722001,Savings,138800.47,Active,2023-03-31
383,2,52550169106981,Savings,2063571.74,Active,2024-06-30
384,4,52160556135471,Current,1265176.37,Active,2023-04-23
385,8,52402729809146,Current,1864080.79,Active,2021-07-21
386,7,52420456706825,Current,1322445.23,Active,2021-03-15
387,5,52289308381825,Savings,51342.44,Active,2024-01-05
388,4,52638654059909,Savings,1269270.18,Active,2023-02-25
389,8,52115680318241,Savings,2409803.24,Active,2022-09-26
390,4,52024593738623,Savings,70141.55,Active,2020-05-19
391,1,52106114189528,Savings,1648072.76,Active,2019-04-23
392,5,52871432813345,Savings,1361677.25,Active,2024-06-09
393,10,52935812549118,Savings,1080489.46,Active,2020-12-16
394,1,52658188337996,Savings,1155081.44,Active,2023-04-16
395,3,52365775444465,Savings,1563841.45,Active,2024-12-30
396,8,52419697337367,Savings,595341.37,Active,2023-12-11
397,8,52554317525199,Current,622652.95,Active,2022-04-06
398,6,52676548971440,Savings,1913385.02,Active,2021-06-27
399,3,52958455575456,Savings,675015.07,Active,2024-07-22
400,9,52123598226901,Savings,1798496.6,Active,2023-10-18
401,3,52018610853773,Current,1116543.77,Active,2019-08-10
402,6,52053753546896,Savings,537993.93,Active,2022-04-28
403,2,52700887780230,Savings,1833403.1,Active,2023-10-30
404,9,52709590818828,Current,281527.14,Active,2022-04-25
405,8,52053868414899,Savings,807833.35,Active,2023-01-04
406,8,52707499842831,Savings,464189.31,Active,2022-05-21
407,4,52369836714382,Savings,1270367.9,Active,2020-10-22
408,6,52634359282972,Savings,1652047.61,Active,2020-03-11
409,1,52292998249113,Savings,512027.71,Active,2024-12-06
410,2,52941659587201,Savings,860662.28,Active,2019-03-08
411,4,52864699639045,Savings,1067536.87,Active,2021-10-10
412,6,52740597063418,Savings,84204.39,Active,2020-11-27
413,7,52880673679300,Savings,751423.97,Active,2024-07-28
414,4,52592027346929,Savings,2263560.95,Active,2021-01-05
415,9,52860401102941,Savings,1802822.86,Active,2021-02-13
416,6,52392465656940,Savings,229539.02,Active,2020-02-17
417,1,52969257687484,Current,1060111.73,Blocked,2023-02-24
418,1,52137533133436,Savings,1267758.04,Active,2022-09-22
419,3,52847806072236,Savings,116989.21,Active,2022-02-03
420,3,52822815554646,Savings,479541.0,Active,2024-09-20
421,5,52433982822821,Savings,309684.44,Active,2021-11-02
422,2,52184944319890,Savings,460418.16,Active,2023-07-31
423,7,52624529678865,Savings,567641.31,Active,2020-12-12
424,10,52708202707033,Savings,16099.91,Active,2022-08-25
425,6,52470225598613,Savings,320561.2,Active,2024-05-30
426,1,52819218306033,Savings,2236062.99,Active,2019-05-12
427,10,52847967186412,Savings,593584.44,Active,2023-01-03
428,8,52406475832234,Current,1899976.88,Active,2020-02-22
429,9,52498822662482,Savings,609503.86,Active,2024-01-07
430,1,52761748049447,Savings,273286.28,Active,2019-08-19
431,4,52405136139746,Savings,497156.17,Active,2022-08-19
432,1,52156790565050,Savings,673868.86,Active,2020-10-22
433,10,52631693434851,Current,2024526.74,Active,2022-09-13
434,9,52140381417650,Savings,1781489.02,Active,2022-02-15
435,7,52872784670901,Current,799080.08,Active,2022-10-20
436,6,52676120728483,Savings,1871259.64,Active,2021-08-02
437,3,52001788232766,Savings,1381013.15,Active,2023-11-11
438,8,52064489794338,Savings,1004769.52,Active,2020-12-30
439,3,52086111315904,Current,1167966.64,Active,2023-07-28
440,8,52166947831276,Savings,1547184.76,Active,2021-12-03
441,6,52895259467208,Savings,1662370.79,Active,2022-06-28
442,10,52444535166542,Savings,830333.74,Active,2019-11-03
443,6,52291666997052,Savings,1434224.74,Active,2024-02-24
444,8,52025687666189,Savings,2100287.77,Active,2020-12-11
445,8,52460624561373,Savings,1122359.14,Active,2023-07-11
446,6,52630842143080,Savings,904352.6,Active,2020-10-17
447,3,52995747825299,Savings,1389937.66,Active,2024-06-02
448,10,52275742485360,Savings,19339.97,Active,2019-10-04
449,6,52220240174839,Savings,2232630.14,Active,2019-04-16
450,1,52447512339270,Savings,879874.42,Active,2019-08-25
451,1,52469383473480,Savings,125654.23,Active,2020-08-30
452,6,52413425419367,Savings,1359765.02,Active,2024-02-26
453,4,52182453243219,Savings,1415513.46,Active,2020-11-26
454,3,52586578391655,Current,1150153.79,Active,2019-10-06
455,4,52741234876530,Savings,90414.89,Active,2024-03-09
456,4,52451461816506,Savings,1662757.32,Active,2021-07-24
457,1,52583382633950,Savings,2015005.95,Active,2021-06-14
458,9,52845003876784,Current,903431.47,Active,2019-06-23
459,2,52068572076774,Current,1431840.28,Active,2023-11-18
460,10,52701918717785,Savings,2420419.05,Active,2023-11-19
461,3,52528577419624,Savings,1224330.0,Active,2020-12-29
462,9,52717783233839,Savings,2327412.86,Active,2024-03-14
463,1,52004512290733,Savings,1779117.16,Active,2020-01-20
464,3,52981185543853,Savings,1008821.39,Active,2020-10-19
465,6,52448828175047,Savings,102805.04,Active,2020-12-01
466,5,52052529081539,Savings,654675.02,Active,2019-06-19
467,10,52920325115986,Current,2019131.81,Active,2020-01-10
468,9,52793491032228,Current,360339.2,Active,2024-07-28
469,8,52443262180294,Savings,61002.3,Active,2021-10-31
470,10,52562110148083,Savings,64659.1,Active,2020-04-25
471,4,52638927882511,Savings,687124.93,Active,2022-08-15
472,3,52243467968452,Savings,2051979.13,Active,2022-09-06
473,2,52461321001615,Savings,83320.9,Active,2020-05-04
474,4,52501698810001,Savings,506624.88,Active,2024-07-30
475,1,52701117525067,Savings,2022897.9,Active,2023-01-11
476,4,52734624598097,Savings,1868626.6,Active,2021-12-31
477,8,52127720413378,Savings,2025610.8,Active,2022-04-26
478,2,52925526889686,Savings,480875.06,Active,2020-08-14
479,5,52137972193458,Current,2044530.41,Active,2024-08-30
480,7,52576776906841,Current,773022.24,Active,2024-07-31
481,6,52963068144887,Current,1004295.18,Active,2024-02-23
482,2,52489005519689,Savings,500189.46,Active,2021-05-08
483,1,52123584168787,Current,1284320.15,Active,2020-07-31
484,6,52163755516639,Current,2452457.41,Closed,2022-06-02
485,5,52305177648551,Savings,117637.5,Active,2020-11-12
486,5,52923362041117,Current,1075803.02,Active,2022-12-14
487,8,52113266219919,Savings,1391653.72,Active,2023-10-05
488,2,52599900992025,Savings,2484963.0,Active,2024-07-05
489,6,52882575870969,Savings,614265.59,Active,2024-05-15
490,3,52948698513362,Savings,352988.34,Active,2023-12-03
491,10,52447793222417,Savings,656052.05,Active,2022-04-22
492,6,52703543983941,Savings,810553.81,Active,2023-03-11
493,4,52263071915440,Current,55621.06,Active,2019-01-28
494,2,52622827079436,Savings,1054128.5,Active,2024-11-12
495,10,52449742770645,Savings,1431157.23,Active,2023-04-03
496,7,52287295245704,Current,818778.06,Active,2024-02-21
497,7,52357510235987,Savings,2283339.41,Active,2022-08-28
498,6,52223147504404,Savings,296317.25,Active,2021-09-04
499,2,52314419844777,Current,800158.44,Active,2020-03-23
500,9,52737136934559,Savings,885132.23,Active,2022-01-11
501,6,52495364694973,Savings,1168025.08,Active,2024-02-05
502,1,52228685424158,Savings,1612886.5,Active,2022-12-30
503,8,52354210215808,Current,1998618.06,Active,2021-05-15
504,8,52313657551927,Current,1578708.16,Active,2024-12-10
505,7,52356587077869,Savings,1285260.37,Active,2020-08-23
506,4,52549204088952,Savings,1690029.0,Active,2019-10-16
507,9,52404469169585,Savings,2110386.72,Active,2024-05-22
508,4,52762817483265,Savings,2219548.4,Active,2019-02-12
509,7,52299440100066,Savings,539219.3,Active,2022-12-02
510,2,52531204215669,Savings,2024913.51,Active,2019-10-29
511,10,52176478486278,Savings,1485317.16,Blocked,2020-05-27
512,1,52095106816992,Savings,2334376.79,Active,2022-03-28
513,7,52445992643299,Savings,371380.22,Active,2022-04-28
514,10,52602188292651,Savings,2490420.23,Active,2023-04-16
515,2,52277531253546,Savings,1338623.37,Active,2024-11-22
516,2,52919163162902,Savings,1176533.82,Active,2021-04-12
517,7,52597867042926,Savings,1716883.54,Active,2021-02-16
518,3,52118873212422,Savings,1788569.62,Active,2019-10-12
519,10,52341200463649,Current,2301300.3,Active,2022-04-13
520,7,52819969203529,Savings,1632100.1,Active,2023-07-07
521,1,52988196215923,Current,828829.2,Active,2022-05-31
522,5,52883935599462,Savings,1063903.17,Active,2019-10-26
523,7,52692869747752,Savings,2373603.55,Active,2024-12-11
524,2,52517980810915,Savings,2393728.8,Active,2019-06-25
525,10,52119633706604,Savings,72594.28,Active,2020-10-25
526,10,52514454880092,Savings,2004859.24,Active,2023-08-11
527,1,52403947625882,Savings,2359983.4,Active,2022-04-16
528,5,52858054445475,Savings,778784.99,Active,2019-05-17
529,4,52743130635811,Savings,85988.54,Active,2024-01-15
530,2,52204415298357,Savings,415655.47,Active,2024-08-29
531,9,52263574867321,Savings,1704117.41,Active,2019-06-24
532,9,52238783068116,Current,1804488.17,Active,2022-12-01
533,7,52357202732203,Savings,327362.35,Active,2020-06-06
534,1,52845148012884,Savings,1734228.26,Active,2023-03-11
535,5,52733749755707,Savings,378710.2,Active,2021-08-27
536,3,52518316555929,Current,1646127.12,Active,2024-08-02
537,10,52417587219386,Savings,728537.03,Active,2019-09-18
538,9,52202251790794,Savings,2265585.88,Active,2021-06-29
539,9,52241529065908,Savings,1143900.62,Active,2022-07-30
540,7,52538716928178,Savings,952726.84,Active,2020-09-11
541,6,52800430774751,Savings,140475.01,Active,2022-06-20
542,3,52055655240100,Savings,1425209.35,Closed,2019-09-23
543,3,52655434581910,Savings,998628.04,Active,2023-02-28
544,6,52672099883792,Savings,1446289.29,Active,2023-06-19
545,1,52921448790505,Savings,263400.14,Active,2022-05-06
546,7,52666885545790,Savings,1236458.75,Active,2023-10-04
547,9,52263119827518,Savings,2463141.48,Active,2022-06-28
548,5,52797796622129,Savings,1069718.4,Active,2022-05-12
549,10,52770271733575,Current,1636929.98,Active,2019-02-10
550,7,52412550946003,Savings,1599410.47,Active,2021-01-25
551,9,52045233759001,Savings,745078.8,Blocked,2023-06-20
552,4,52818804572612,Current,438108.9,Active,2021-07-01
553,3,52679682660325,Current,1349850.06,Active,2021-05-24
554,2,52938708274419,Savings,1597775.68,Active,2023-05-06
555,7,52229773641737,Savings,1207065.91,Active,2021-05-02
556,5,52790479862310,Current,2201270.87,Active,2019-12-03
557,3,52625718739263,Savings,2239411.76,Active,2020-08-19
558,5,52037357371713,Savings,1663841.94,Active,2020-05-24
559,3,52257869484542,Savings,1108528.06,Active,2022-11-17
560,8,52867631667002,Current,1378246.13,Active,2022-07-19
561,9,52533806916529,Savings,2436485.61,Active,2021-01-22
562,6,52883421217308,Savings,81787.82,Active,2022-05-18
563,5,52193119074232,Savings,85052.56,Active,2023-05-23
564,5,52910353802006,Current,1280666.7,Active,2021-07-26
565,4,52448813044651,Current,456048.02,Active,2021-12-12
566,4,52928860840623,Savings,1645105.19,Active,2022-04-14
567,6,52428645015145,Current,1522453.66,Active,2019-09-28
568,10,52092387448884,Savings,813710.66,Active,2020-12-09
569,2,52258517932559,Savings,2295680.3,Active,2021-06-22
570,1,52435360072116,Savings,252180.09,Active,2022-04-07
571,4,52085619011117,Current,447499.44,Active,2019-05-28
572,10,52201400921148,Savings,1446341.46,Active,2021-03-08
573,2,52514497655602,Savings,2142614.47,Active,2021-01-18
574,9,52009073595971,Savings,298842.92,Active,2020-11-16
575,7,52206010416886,Savings,1635173.69,Active,2019-12-28
576,2,52653742198048,Savings,417703.29,Active,2024-08-24
577,6,52625941380927,Current,1093160.18,Active,2023-07-17
578,8,52644402612104,Savings,1373865.67,Active,2023-12-24
579,1,52054277080118,Current,2284740.87,Active,2020-08-14
580,2,52118443851465,Savings,2284366.61,Active,2020-04-12
581,10,52842856821713,Savings,1867602.6,Active,2019-11-29
582,8,52678861869406,Savings,1605189.32,Active,2024-10-21
583,3,52335808542180,Savings,431475.08,Active,2019-09-05
584,2,52854269952423,Savings,170990.9,Active,2024-05-05
585,7,52028385081085,Savings,2029088.09,Active,2021-11-21
586,2,52995953928307,Savings,32827.86,Active,2023-06-17
587,9,52325169155474,Savings,752934.88,Active,2024-01-09
588,4,52199985642317,Savings,474201.95,Active,2020-12-26
589,6,52490914938717,Savings,1252424.03,Blocked,2019-12-26
590,10,52487773560397,Savings,1397272.49,Active,2022-08-16
591,10,52258981520774,Savings,2240870.03,Active,2022-01-18
592,4,52976846195501,Savings,228233.25,Active,2024-03-11
593,8,52040931747609,Savings,789419.87,Active,2019-08-27
594,4,52290129767750,Savings,2316915.34,Active,2019-10-29
595,6,52052548919179,Savings,2100041.81,Active,2022-10-12
596,6,52637908193150,Savings,529573.23,Active,2022-03-19
597,7,52091092209992,Savings,1056054.42,Active,2020-09-08
598,8,52167505742722,Savings,103738.91,Active,2023-12-31
599,1,52367130232833,Savings,2248507.59,Active,2022-03-05
600,10,52175747344802,Savings,1848485.54,Active,2021-05-17
601,1,52581909203264,Savings,1473914.09,Active,2022-01-23
602,6,52589895868043,Current,2061572.52,Active,2020-07-01
603,4,52179385605663,Current,1403664.96,Active,2023-11-25
604,8,52740029459033,Savings,204463.17,Active,2021-01-28
605,8,52158177901788,Savings,1686263.57,Active,2022-10-12
606,8,52690282040802,Savings,2020280.6,Active,2024-03-17
607,8,52890641496246,Savings,670699.8,Active,2023-11-19
608,3,52720506899100,Savings,1491836.46,Active,2019-09-28
609,3,52809283951303,Current,299346.06,Active,2022-09-05
610,7,52139501811131,Savings,1662181.94,Active,2020-11-19
611,1,52699118623944,Current,1780677.54,Active,2021-12-01
612,6,52485696037976,Current,1476754.79,Active,2024-10-21
613,4,52923716391318,Savings,2116104.68,Active,2023-06-17
614,5,52458608570154,Savings,1606279.71,Active,2021-08-05
615,2,52079509771294,Savings,370014.48,Active,2024-04-30
616,1,52214480292342,Savings,1636358.51,Active,2020-12-14
617,9,52875632491758,Current,777264.04,Active,2023-10-03
618,4,52532052106748,Savings,1138274.82,Active,2024-02-26
619,3,52076744458233,Savings,552514.07,Active,2022-10-21
620,10,52695264617522,Current,337899.29,Active,2024-04-08
621,7,52666411662494,Savings,2032143.15,Active,2019-04-23
622,8,52290516890958,Savings,1220119.68,Active,2019-09-04
623,7,52134181946474,Savings,1305963.7,Active,2022-05-10
624,2,52787422585781,Savings,869877.44,Active,2019-10-10
625,10,52957299865009,Current,9335.77,Active,2022-09-10
626,8,52826758550196,Savings,1271088.72,Active,2020-11-28
627,6,52028352617892,Current,1089018.6,Active,2021-09-13
628,6,52204884099024,Current,689026.03,Closed,2022-12-14
629,10,52433267244076,Savings,254456.42,Active,2019-02-26
630,3,52641667529492,Savings,598841.01,Active,2021-03-04
631,10,52412159652120,Savings,2086926.75,Active,2022-11-28
632,2,52933161541624,Savings,1810133.1,Active,2023-02-13
633,10,52773036635441,Savings,709139.12,Active,2020-02-13
634,3,52521114793790,Savings,1944394.67,Active,2023-10-26
635,9,52439811596638,Savings,351507.09,Active,2022-10-16
636,4,52032301726616,Savings,1111325.99,Active,2024-07-01
637,1,52672740342339,Current,2233988.98,Active,2022-12-10
638,8,52082014340892,Savings,1313669.52,Active,2024-10-16
639,5,52949233083353,Savings,1954068.46,Active,2021-08-15
640,2,52144569397433,Savings,382203.24,Active,2023-11-26
641,1,52360415863235,Savings,850459.77,Active,2021-05-05
642,10,52018270516644,Savings,888664.5,Active,2021-02-20
643,6,52824507562724,Current,892141.28,Active,2019-08-27
644,5,52342808568730,Savings,196251.43,Active,2022-08-27
645,6,52478694435207,Savings,1988521.69,Active,2020-08-28
646,10,52428155488518,Savings,1790508.57,Active,2022-01-05
647,2,52117666191808,Savings,1237010.03,Active,2021-08-27
648,7,52512574282201,Savings,1236461.79,Active,2020-10-08
649,4,52749032242187,Savings,1718604.12,Active,2023-01-02
650,6,52773154538545,Savings,1267018.47,Active,2023-08-25
651,7,52071366742482,Savings,280684.19,Active,2021-07-19
652,5,52361083699815,Savings,209329.1,Active,2024-01-04
653,4,52440446296375,Current,1683933.18,Active,2019-11-11
654,2,52400848935676,Savings,2089586.43,Active,2020-02-22
655,4,52788210972884,Savings,2378869.84,Active,2019-07-27
656,4,52195910581345,Savings,782606.7,Active,2023-07-06
657,1,52809352442905,Savings,2009994.45,Active,2021-08-12
658,6,52116621380070,Savings,203141.88,Active,2024-08-15
659,9,52524741838773,Current,1355982.57,Active,2023-05-02
660,5,52682925633899,Savings,1285557.4,Active,2023-01-03
661,3,52565202703747,Savings,1354026.49,Active,2023-12-20
662,1,52713353132847,Current,1753479.82,Active,2020-12-27
663,10,52904895591196,Current,688276.45,Active,2019-05-04
664,5,52986593502257,Savings,677492.05,Active,2022-01-24
665,3,52997281065802,Savings,2373420.4,Active,2019-01-31
666,8,52324302865734,Savings,1907535.8,Active,2020-10-28
667,5,52725091879393,Savings,368530.7,Active,2024-01-17
668,8,52909290889855,Savings,1509679.69,Active,2024-09-15
669,6,52381362309355,Current,1680117.19,Active,2021-09-13
670,4,52658535007448,Current,124849.12,Active,2022-05-20
671,2,52845709584951,Current,2401283.04,Active,2024-05-27
672,3,52688427053911,Savings,226424.46,Active,2020-10-13
673,9,52790506664085,Savings,1643475.79,Active,2022-05-05
674,8,52687033916606,Savings,1322311.83,Active,2020-11-17
675,10,52509961522716,Savings,791364.27,Active,2024-11-17
676,4,52232767268328,Savings,2450501.19,Active,2019-11-21
677,5,52556848464825,Savings,1313792.99,Active,2022-03-30
678,8,52066123369187,Current,334619.7,Active,2021-08-23
679,10,52871663105829,Savings,421504.45,Active,2019-01-03
680,2,52273240600649,Current,1122682.11,Active,2019-04-01
681,10,52019200037808,Savings,2178922.77,Active,2023-04-09
682,6,52116072240833,Savings,783605.56,Active,2023-06-25
683,8,52770507028655,Savings,1306046.31,Blocked,2023-08-01
684,4,52421933776148,Savings,566166.94,Active,2020-09-06
685,3,52327580985627,Savings,1140580.63,Active,2019-11-11
686,7,52348419504206,Savings,1891335.08,Active,2024-11-09
687,5,52947729792710,Savings,640712.29,Closed,2021-09-26
688,2,52741270871376,Current,2022578.62,Active,2022-03-14
689,10,52075661699742,Current,1728138.86,Active,2022-06-19
690,4,52713386807208,Savings,1919010.11,Active,2022-06-21
691,5,52010534192537,Savings,2233181.44,Active,2021-03-16
692,1,52363829880195,Current,2289817.62,Active,2024-09-04
693,1,52830101162267,Savings,1672473.17,Active,2024-05-25
694,8,52281576026746,Savings,1823881.28,Active,2020-09-29
695,6,52153629725116,Current,540591.59,Active,2024-03-24
696,5,52945436772686,Savings,1782904.3,Active,2021-06-10
697,10,52622024491158,Savings,2325836.41,Active,2021-06-23
698,8,52839532128334,Savings,1983681.14,Active,2022-03-14
699,9,52945855516778,Savings,128998.38,Active,2024-03-22
700,10,52954852616157,Savings,638248.98,Active,2019-06-12
701,1,52266124191344,Savings,101777.92,Active,2021-10-12
702,2,52662767520095,Current,1908906.57,Active,2023-12-28
703,2,52704836162541,Savings,1375526.83,Active,2023-03-15
704,8,52337440771415,Savings,901865.84,Active,2023-03-02
705,8,52210733369971,Savings,1961714.32,Active,2022-07-30
706,3,52256750318282,Savings,599134.48,Active,2019-12-27
707,3,52821482636212,Savings,1921217.0,Active,2021-11-19
708,9,52419726981828,Savings,111004.42,Active,2024-07-28
709,9,52594863739118,Current,1606806.2,Closed,2020-08-16
710,6,52472696033565,Current,2128050.32,Active,2022-10-10
711,4,52835357918624,Savings,284559.31,Active,2021-07-25
712,6,52182443851279,Savings,1394048.88,Active,2022-09-27
713,2,52153486066707,Savings,812457.71,Active,2024-11-05
714,2,52166872982405,Savings,1639352.38,Active,2020-05-24
715,6,52509520489755,Savings,48704.65,Active,2020-04-12
716,2,52224975146501,Savings,810876.1,Active,2023-04-10
717,1,52348073179606,Savings,1625830.95,Active,2023-01-12
718,7,52371833249736,Savings,1042805.11,Active,2021-07-23
719,9,52473792057339,Current,1456237.43,Blocked,2019-07-28
720,10,52348914592608,Savings,213532.88,Active,2021-01-23
721,1,52068914632709,Savings,1354710.55,Active,2023-04-08
722,5,52312117804775,Savings,433498.81,Active,2020-08-04
723,10,52261792694686,Savings,2016096.02,Closed,2020-07-29
724,3,52236923470806,Savings,908127.35,Active,2024-02-18
725,1,52453862141426,Savings,2014789.13,Active,2021-10-20
726,3,52980597070659,Savings,1768265.25,Active,2023-12-21
727,8,52997351648120,Savings,2494612.97,Closed,2019-09-10
728,7,52183320609297,Savings,533675.67,Active,2023-09-11
729,2,52374230504195,Savings,671859.43,Active,2024-05-19
730,10,52783102725384,Savings,2130815.73,Active,2023-03-22
731,1,52903021540845,Savings,423787.02,Active,2024-12-09
732,1,52620489673674,Savings,1667183.93,Active,2024-07-21
733,8,52566335434094,Savings,568360.38,Active,2022-05-13
734,6,52075469172079,Savings,102073.68,Active,2024-11-10
735,3,52002864466820,Savings,862630.84,Active,2020-04-30
736,5,52146238268729,Savings,159172.56,Active,2022-03-24
737,5,52171118483132,Savings,2459695.65,Active,2020-11-02
738,2,52794627708084,Savings,1284316.11,Active,2022-11-06
739,2,52758676735241,Savings,7391.15,Active,2019-07-08
740,1,52276888306435,Savings,610665.41,Active,2022-04-17
741,4,52052603091698,Savings,1907491.47,Active,2020-01-12
742,9,52781366280385,Savings,2003802.89,Active,2024-04-15
743,9,52070694327536,Savings,356482.62,Active,2020-08-17
744,7,52104160630251,Current,784078.19,Active,2019-07-16
745,9,52405246469413,Current,6915.62,Active,2022-08-15
746,8,52071506762256,Savings,166230.56,Active,2019-08-01
747,1,52507314537459,Savings,2253383.16,Active,2019-02-22
748,9,52767162265181,Savings,830178.24,Active,2019-01-25
749,10,52808625397874,Current,749585.32,Active,2021-10-26
750,3,52045027319549,Current,2077543.85,Active,2022-10-29
751,6,52890565972740,Savings,2347432.4,Active,2023-02-11
752,10,52521819014659,Savings,434056.56,Active,2020-08-27
753,5,52306139719830,Savings,1449008.99,Active,2020-06-17
754,3,52668876869342,Savings,761347.41,Active,2020-12-13
755,3,52188838878225,Savings,93057.28,Active,2019-08-31
756,8,52229551922271,Savings,545666.73,Active,2023-07-06
757,4,52099434240345,Savings,1830646.97,Active,2024-11-15
758,10,52019835181724,Savings,259552.12,Active,2023-03-16
759,9,52095917613702,Savings,1855037.58,Active,2023-05-22
760,8,52831198467687,Savings,995569.51,Active,2019-11-29
761,6,52800399578343,Savings,1858604.71,Active,2019-12-12
762,10,52549434762514,Savings,1364065.71,Active,2021-10-05
763,7,52389927817946,Current,1351296.91,Blocked,2020-11-10
764,8,52120921646465,Savings,490062.13,Active,2024-04-10
765,4,52952897518517,Savings,1194220.05,Active,2019-02-05
766,4,52623511783077,Savings,1351885.47,Active,2020-03-29
767,1,52646090537228,Savings,2108835.77,Active,2022-08-11
768,8,52137406703805,Savings,289200.43,Active,2024-03-19
769,4,52742411954094,Current,2116266.39,Active,2020-06-06
770,9,52211067906829,Savings,1468696.77,Closed,2023-09-01
771,1,52651850042246,Savings,406506.62,Active,2022-05-14
772,1,52613337587758,Current,203759.38,Active,2020-10-14
773,3,52031887522089,Savings,2355428.11,Closed,2019-06-02
774,1,52140700892455,Savings,681235.18,Active,2024-06-04
775,5,52586619695257,Savings,245542.23,Active,2020-12-07
776,10,52607892948565,Savings,1488840.2,Active,2022-09-18
777,1,52970080323293,Savings,1168471.0,Active,2023-02-08
778,8,52930728378858,Savings,643848.59,Active,2020-06-24
779,10,52334675696948,Savings,1872926.77,Active,2019-04-23
780,6,52588666085395,Savings,520491.56,Active,2023-12-05
781,2,52960690195327,Savings,1003970.16,Active,2023-12-09
782,6,52117397311808,Savings,2248873.73,Active,2024-07-14
783,2,52710922320781,Savings,1642042.0,Active,2024-12-13
784,10,52331866223718,Current,2187914.21,Active,2023-09-25
785,7,52991517090936,Savings,566554.57,Active,2023-06-02
786,9,52336537663623,Savings,465730.02,Active,2019-09-15
787,7,52905722814781,Savings,2026555.39,Active,2020-10-31
788,1,52070717833523,Savings,141249.93,Active,2023-02-22
789,4,52187821464981,Current,1405681.24,Active,2023-10-01
790,6,52480539846664,Savings,2478476.19,Active,2024-03-15
791,4,52710790848284,Savings,1398814.32,Active,2023-09-23
792,9,52847535404248,Current,1154405.22,Active,2020-11-16
793,8,52791456361572,Current,2371321.67,Active,2022-05-31
794,6,52722832225180,Savings,1775730.58,Active,2020-11-06
795,7,52323032500217,Current,1172777.73,Active,2022-08-24
796,1,52966426252549,Savings,1299096.44,Active,2021-01-28
797,6,52617646158822,Savings,589946.64,Active,2020-09-26
798,8,52342544246965,Savings,1542186.87,Active,2020-03-23
799,5,52969135396107,Savings,509950.66,Active,2022-12-03
800,2,52291370346272,Savings,515646.21,Blocked,2021-02-03
801,4,52203431584167,Savings,1873634.35,Active,2021-05-06
802,5,52180125108415,Current,750319.91,Active,2022-08-13
803,6,52429304435261,Savings,237622.06,Active,2020-02-12
804,8,52467933140143,Savings,605018.41,Active,2024-07-26
805,9,52286428824755,Current,461314.23,Active,2023-11-18
806,10,52629511466913,Savings,1664306.18,Closed,2021-12-17
807,10,52826004689091,Savings,19043.94,Active,2024-02-16
808,6,52225210259317,Savings,775523.87,Active,2023-08-18
809,6,52470101977398,Savings,2435053.51,Active,2020-02-29
810,9,52119780742325,Savings,1496204.53,Active,2024-12-07
811,8,52664671550929,Savings,1800436.05,Active,2019-12-25
812,7,52632233913615,Savings,903039.67,Active,2019-05-11
813,7,52048734282294,Current,1389200.08,Active,2020-09-23
814,5,52652658904848,Savings,1603215.38,Active,2020-03-27
815,8,52916732670843,Current,736945.81,Active,2019-05-09
816,10,52335724829800,Savings,1146939.89,Active,2021-08-04
817,1,52509405518188,Savings,1655973.68,Active,2020-11-21
818,9,52272716341260,Savings,1514827.02,Active,2023-03-10
819,8,52748099194923,Savings,604178.66,Closed,2020-05-28
820,1,52383209534593,Savings,799752.24,Active,2022-10-10
821,9,52461087070825,Current,17817.66,Active,2021-11-13
822,9,52294494204689,Savings,1741382.22,Active,2022-03-08
823,10,52075219018568,Savings,674868.45,Active,2024-07-25
824,6,52093304040106,Current,281259.85,Active,2019-07-15
825,4,52816901650842,Current,1148117.23,Active,2024-09-28
826,7,52485600207111,Current,1471535.8,Active,2020-05-21
827,9,52367372528651,Savings,245796.53,Active,2021-07-29
828,2,52944413089154,Current,331745.81,Blocked,2022-10-02
829,8,52731230362534,Savings,186377.89,Active,2021-04-30
830,2,52301233672745,Savings,1005398.08,Active,2019-08-08
831,1,52495323414321,Savings,1774940.94,Active,2020-12-11
832,1,52949874837181,Savings,1649139.0,Active,2021-12-30
833,1,52671134534137,Savings,1375384.88,Active,2021-06-22
834,2,52412583879244,Savings,2328329.12,Blocked,2024-11-21
835,6,52793882686573,Current,2448508.14,Active,2024-09-30
836,8,52216152848949,Savings,335072.89,Active,2019-08-28
837,8,52039585618992,Savings,878754.08,Active,2019-07-29
838,6,52263425496415,Savings,823945.45,Active,2019-10-14
839,7,52389791580693,Savings,303103.77,Active,2020-06-04
840,4,52599861606131,Savings,178498.78,Active,2021-07-11
841,10,52774765459180,Current,2202106.54,Active,2020-04-04
842,4,52709119775498,Savings,1044966.11,Active,2024-11-20
843,4,52500737504101,Savings,842395.27,Active,2023-09-24
844,7,52801850458402,Savings,873767.79,Active,2022-11-27
845,1,52876842310434,Savings,154122.59,Active,2022-07-22
846,7,52327517135004,Current,1228624.58,Active,2021-06-08
847,1,52547391470019,Savings,2090733.11,Active,2024-12-14
848,6,52833015516615,Savings,2114745.5,Active,2021-01-17
849,6,52346963351895,Savings,2163683.77,Active,2021-11-15
850,2,52059201724308,Current,622349.72,Active,2019-11-13
851,1,52823914288594,Savings,1371137.71,Active,2020-12-15
852,5,52631249516732,Savings,450943.89,Active,2021-10-29
853,8,52998661854122,Savings,1937698.31,Active,2024-06-14
854,2,52267698014281,Savings,320668.25,Active,2020-10-02
855,2,52817020246568,Savings,1579721.33,Active,2022-10-29
856,4,52203555747068,Savings,1838433.62,Active,2023-01-14
857,10,52370082657034,Savings,2204921.35,Active,2023-08-11
858,8,52263954473559,Savings,1005682.59,Active,2020-12-13
859,1,52646152491571,Savings,2401893.0,Active,2022-06-08
860,3,52266940590075,Savings,1269343.31,Active,2020-06-27
861,8,52192137144218,Savings,1915208.86,Active,2022-11-08
862,1,52448490544766,Savings,399865.0,Active,2023-09-12
863,3,52707171415977,Savings,1993838.13,Active,2024-08-02
864,5,52240673856520,Savings,1553354.58,Active,2019-09-13
865,2,52354638924475,Savings,2375812.75,Active,2021-01-13
866,8,52632052643006,Savings,1670547.63,Active,2020-08-11
867,8,52269167302908,Savings,2119966.46,Active,2023-09-17
868,5,52876198601208,Savings,1618825.48,Active,2021-09-09
869,7,52992263146137,Savings,1860774.56,Active,2021-12-01
870,3,52838424025741,Savings,1130595.09,Active,2019-08-07
871,7,52033678809323,Savings,1238928.77,Active,2022-06-25
872,1,52901602423256,Savings,570788.39,Closed,2020-01-15
873,9,52177115189404,Savings,2368253.1,Active,2020-09-05
874,1,52312448036863,Savings,2388158.12,Active,2021-04-27
875,8,52954818942128,Current,489785.69,Closed,2023-03-31
876,3,52601521105092,Current,121956.52,Closed,2022-08-24
877,7,52547729173276,Savings,1027790.02,Active,2019-03-14
878,5,52237205056564,Savings,501223.39,Active,2022-10-10
879,6,52566655535825,Savings,1360902.76,Active,2023-05-01
880,6,52741491166173,Savings,1602.86,Active,2023-01-23
881,7,52193658189716,Savings,947163.79,Active,2023-08-09
882,10,52556459168056,Savings,1103152.95,Active,2024-04-28
883,8,52395530778058,Current,1292045.34,Active,2024-02-24
884,5,52842707821083,Savings,1086736.34,Active,2021-01-07
885,10,52048833194794,Savings,1513500.53,Active,2020-09-29
886,9,52330004288715,Savings,719655.8,Active,2020-05-16
887,8,52037923470855,Savings,2482817.71,Active,2021-11-27
888,4,52269462258170,Savings,461446.02,Active,2021-07-14
889,10,52262757494549,Savings,318950.15,Blocked,2019-11-20
890,1,52894606476058,Savings,2363614.86,Active,2022-11-10
891,4,52337601305512,Savings,290443.14,Active,2024-03-07
892,8,52394657202844,Savings,1162709.15,Active,2023-05-20
893,2,52388162051393,Savings,507498.36,Active,2022-03-06
894,3,52404421142769,Savings,2483597.44,Active,2020-05-22
895,10,52903472199378,Savings,1641703.17,Active,2024-07-23
896,2,52807779617961,Savings,783002.95,Active,2024-05-28
897,6,52313779964140,Savings,874397.51,Active,2024-02-05
898,8,52228077629283,Savings,1456287.91,Active,2024-04-29
899,2,52001236592034,Savings,1062267.85,Active,2020-03-05
900,2,52965171383276,Savings,97248.13,Active,2023-06-17
901,4,52445428928170,Savings,373289.33,Active,2023-10-29
902,10,52616038106463,Current,1933206.14,Active,2020-08-22
903,3,52973134354599,Savings,529849.92,Active,2023-05-22
904,7,52486714422146,Current,1095072.58,Active,2021-09-10
905,6,52187067543962,Savings,1041730.38,Active,2020-01-24
906,2,52742296757559,Savings,1853966.99,Active,2023-08-09
907,6,52983908013478,Savings,1563044.4,Active,2022-05-22
908,3,52166931497293,Savings,1618964.85,Active,2022-03-02
909,7,52715303905759,Savings,2456096.81,Active,2024-02-16
910,8,52370276768216,Savings,777931.94,Closed,2022-01-22
911,5,52168452637682,Savings,528709.86,Active,2020-01-24
912,1,52959295631117,Savings,490666.06,Active,2022-01-29
913,6,52411500747320,Savings,1377881.04,Active,2019-09-20
914,8,52027988845302,Savings,1159953.98,Active,2023-04-29
915,4,52428988930205,Savings,1613099.42,Active,2020-01-26
916,5,52365300228019,Savings,1812411.26,Active,2020-01-12
917,9,52610370368923,Savings,1641490.36,Active,2024-11-06
918,9,52584549456723,Current,1424564.94,Active,2019-08-03
919,6,52282388530762,Current,1895501.4,Active,2020-12-18
920,5,52242165185526,Savings,1630957.49,Active,2021-10-10
921,3,52921960191689,Savings,716408.06,Active,2021-09-03
922,1,52061124013248,Savings,871143.93,Active,2023-06-17
923,5,52494500665473,Savings,1441111.2,Active,2022-06-14
924,8,52789292784493,Savings,2452690.77,Active,2019-12-11
925,6,52722314729152,Savings,2171933.54,Active,2021-11-22
926,3,52723123805558,Savings,1543147.49,Active,2021-06-29
927,3,52555774755667,Current,568376.07,Active,2021-03-20
928,2,52778986610125,Savings,2084692.11,Closed,2021-05-13
929,10,52243872602700,Savings,2214267.64,Active,2019-02-23
930,7,52829771437872,Savings,1975781.98,Active,2019-02-12
931,10,52098460774269,Savings,1370428.15,Active,2020-05-01
932,4,52082063574843,Savings,1945846.87,Active,2020-08-25
933,4,52752455379571,Savings,1432066.84,Active,2020-01-26
934,4,52663102481958,Savings,64253.85,Active,2021-02-21
935,3,52611467605372,Current,2359010.7,Blocked,2019-11-21
936,1,52770175429336,Savings,1147522.59,Active,2024-08-27
937,2,52260125135905,Savings,1867650.39,Active,2020-03-09
938,7,52098501072884,Savings,1768154.53,Active,2021-05-18
939,4,52195940758748,Savings,1209484.21,Active,2022-03-31
940,6,52736199985590,Savings,2048526.03,Active,2023-08-16
941,7,52174253030822,Savings,2440694.97,Active,2021-08-14
942,8,52302972043173,Savings,1516064.7,Active,2020-11-01
943,7,52577334067382,Savings,2292124.55,Active,2020-11-03
944,4,52569715479941,Savings,1422599.54,Active,2020-06-12
945,3,52361263791052,Current,1116543.72,Closed,2020-10-22
946,9,52692845094061,Savings,168461.36,Blocked,2019-02-22
947,6,52628366542070,Savings,1271748.31,Active,2020-04-06
948,9,52134266506078,Savings,901534.14,Active,2020-01-08
949,4,52459744278851,Current,1570936.35,Active,2022-06-17
950,6,52917986345225,Current,1375187.72,Active,2023-10-11
951,4,52321879798350,Savings,1772357.89,Active,2020-03-01
952,6,52715364899069,Savings,449431.92,Active,2020-12-13
953,9,52471007515310,Current,2439757.92,Active,2024-04-13
954,8,52522285392963,Current,589144.47,Active,2023-02-05
955,7,52746160832952,Savings,1043085.49,Active,2019-12-21
956,7,52183562410926,Savings,987093.21,Active,2020-03-29
957,2,52416128840928,Savings,2311164.29,Active,2020-02-28
958,7,52498900372262,Savings,1253335.53,Active,2020-02-28
959,1,52470791535854,Savings,1620523.72,Active,2023-05-28
960,5,52470479543828,Savings,145057.25,Active,2019-05-07
961,1,52056443033850,Savings,533450.46,Active,2024-09-19
962,4,52342209844185,Savings,1469598.94,Active,2020-01-16
963,7,52537256490783,Savings,1356953.85,Active,2020-07-08
964,8,52128650443600,Savings,965193.98,Active,2019-01-23
965,10,52075074317522,Savings,2102930.65,Active,2019-07-19
966,1,52427286426959,Current,1166759.67,Active,2022-04-12
967,9,52386187119432,Savings,2442560.23,Closed,2024-02-14
968,10,52000371537001,Savings,1720518.64,Active,2021-02-01
969,9,52725037145724,Savings,1815647.83,Active,2020-10-26
970,10,52828372735864,Current,1533471.41,Active,2022-09-10
971,7,52727494281323,Savings,1013409.96,Active,2021-12-14
972,10,52971280583932,Savings,1028718.29,Active,2020-03-21
973,6,52423467624990,Savings,832808.73,Active,2019-01-05
974,2,52931373307960,Savings,508238.28,Active,2024-09-23
975,3,52742104345696,Savings,2134273.06,Active,2022-09-26
976,2,52595141615534,Current,1900222.65,Active,2023-06-11
977,4,52193686620136,Savings,1204956.36,Active,2024-08-26
978,6,52208178482750,Savings,1884499.28,Active,2022-07-13
979,6,52138877084605,Current,2434795.31,Active,2022-01-23
980,2,52430209656908,Current,907402.53,Active,2021-02-10
981,10,52999126051525,Savings,1341796.17,Active,2022-11-26
982,1,52050623889125,Savings,1310478.64,Blocked,2022-05-11
983,6,52418807066924,Savings,58031.75,Active,2023-03-03
984,9,52654536581056,Savings,371561.61,Active,2022-08-21
985,1,52465864003553,Savings,1605835.21,Active,2023-08-09
986,1,52375306426001,Savings,894808.14,Active,2023-11-25
987,4,52229350894801,Savings,974376.77,Active,2020-01-31
988,7,52727901328259,Savings,775644.31,Active,2021-10-03
989,8,52369014876024,Savings,1119893.49,Active,2022-05-09
990,9,52531068192687,Savings,344168.73,Active,2019-01-11
991,1,52600401847674,Savings,1082065.67,Active,2022-12-05
992,7,52953402758959,Current,14268.23,Active,2024-11-20
993,2,52181680858197,Savings,1800252.27,Active,2019-11-22
994,8,52325392883278,Current,494250.66,Active,2023-12-08
995,2,52208201233840,Savings,594189.95,Active,2019-10-26
996,1,52430265441003,Savings,2145643.14,Active,2024-09-20
997,9,52379640222656,Savings,749907.16,Active,2020-12-12
998,3,52102737025062,Savings,698464.94,Active,2023-11-10
999,2,52072749048779,Savings,77811.18,Active,2023-11-01
1000,8,52115612840006,Savings,1176309.68,Active,2022-03-27
