AccountID,CardNumber,CardType,ExpiryDate,CVV,Status
1,8978683939377342,Debit,2031-03-14,980,Active
2,2450694583273729,Credit,2030-08-16,909,Active
3,8619915115401324,Debit,2030-02-25,281,Active
4,5243796647299056,Debit,2030-03-14,587,Active
5,9768669520925672,Debit,2029-09-19,857,Active
6,2787201863728568,Debit,2029-10-12,225,Active
7,7549977650828005,Debit,2028-06-08,273,Active
8,8037290799836764,Debit,2030-12-19,321,Active
9,7804026428559241,Credit,2028-08-30,305,Active
10,4943448817360106,Debit,2027-12-03,595,Active
11,1572582269515130,Debit,2030-09-23,399,Active
12,5432506035074687,Debit,2028-07-22,204,Active
13,7974947292876293,Debit,2029-09-14,241,Active
14,6863525022037611,Credit,2029-09-25,147,Active
15,6085659376808912,Debit,2031-12-23,108,Active
16,3417787562080021,Debit,2031-07-08,399,Active
17,7745054834348432,Debit,2030-03-04,504,Active
18,3058489139588603,Debit,2031-06-08,564,Active
19,7433261851325603,Credit,2028-11-24,255,Active
20,0720815248423958,Debit,2030-11-16,877,Active
21,5281731247046842,Debit,2031-11-14,513,Active
22,0468035754830743,Debit,2028-10-06,853,Active
23,6294375651427628,Debit,2030-12-22,322,Active
24,3326305370431047,Debit,2031-02-14,284,Active
25,7500622332672060,Debit,2028-04-12,277,Active
26,4462226968592739,Debit,2027-06-05,825,Active
27,9654704908656524,Debit,2030-03-31,313,Active
28,9695844851104278,Debit,2030-03-02,230,Active
29,0135066942704503,Debit,2029-02-04,355,Active
30,6266981995738676,Debit,2031-10-14,534,Blocked
31,8878066823068318,Credit,2029-12-16,782,Active
32,6569110251592452,Debit,2030-07-24,144,Active
33,4134603560325787,Debit,2027-10-26,722,Active
34,5968126260494027,Debit,2028-11-21,272,Active
35,4898702423910525,Debit,2028-03-24,281,Active
36,5511955755505611,Debit,2028-02-06,409,Active
37,4743424476455508,Debit,2029-02-28,442,Active
38,1703756505477744,Debit,2029-03-17,652,Active
39,5306255686431015,Debit,2031-05-28,567,Active
40,3210094214153221,Debit,2031-12-28,341,Active
41,2679844337675267,Debit,2029-01-02,448,Active
42,2923409231807094,Debit,2027-09-26,918,Active
43,1332841127069449,Debit,2030-10-08,543,Active
44,5042250732604758,Credit,2027-05-21,657,Blocked
45,8042835693017359,Debit,2029-11-12,225,Active
46,2693651215341888,Debit,2030-07-02,175,Active
47,7017577575416640,Credit,2028-07-08,273,Active
48,5785291284137398,Debit,2029-01-11,228,Active
49,2372069142601931,Debit,2031-10-09,926,Active
50,5719417151105137,Debit,2030-02-17,731,Active
51,6049811409356506,Debit,2027-07-09,672,Active
52,4281114501106037,Debit,2029-03-16,865,Active
53,0778924660272866,Debit,2027-04-26,451,Active
54,4653413656249323,Debit,2028-04-05,961,Active
55,6106153164989834,Debit,2030-04-01,542,Active
56,1567372896973216,Debit,2027-07-20,281,Active
57,6779868996604847,Credit,2030-09-06,311,Active
58,9961046682890136,Debit,2027-02-15,519,Active
59,9791160303891026,Credit,2030-07-31,443,Active
60,3645699465567064,Credit,2031-12-22,848,Active
61,8058568024037694,Debit,2028-10-25,281,Active
62,8532558734785771,Debit,2029-09-13,712,Active
63,3932223952945427,Credit,2027-05-04,210,Active
64,1603870840829559,Debit,2030-11-21,587,Active
65,2559226756688725,Debit,2030-10-01,941,Active
66,9710920735657738,Debit,2030-04-17,405,Active
67,2527950387421804,Debit,2027-08-25,376,Blocked
68,7390546388676758,Debit,2027-08-20,903,Active
69,1966365456568727,Credit,2028-01-19,358,Active
70,8657280317607311,Debit,2027-03-01,597,Active
71,6307605596978217,Debit,2031-01-08,201,Active
72,8238339086713403,Debit,2029-01-28,207,Active
73,0712375258172528,Debit,2031-06-20,343,Active
74,2572814212896262,Debit,2030-04-03,901,Active
75,1971409660578363,Debit,2027-09-20,524,Active
76,1199844886325810,Debit,2028-12-05,751,Active
77,4813138658821782,Credit,2028-10-27,797,Active
78,6433108457275788,Debit,2029-06-05,914,Active
79,4671029290893426,Credit,2030-07-19,591,Active
80,8903355569977720,Debit,2031-02-25,971,Active
81,0155806872145763,Debit,2028-01-01,737,Active
82,9674268121130106,Debit,2029-05-02,539,Active
83,9768955881582594,Debit,2030-12-02,637,Active
84,3215079906361710,Debit,2027-03-08,599,Active
85,0560234032449790,Credit,2031-07-07,525,Blocked
86,6845363600445789,Credit,2027-06-09,158,Active
87,8720722073339999,Debit,2031-02-26,157,Active
88,0220888047287488,Debit,2031-04-23,154,Active
89,5794032291697312,Credit,2028-02-29,606,Active
90,9601482312814959,Debit,2028-12-27,279,Active
91,6459739073753172,Debit,2031-03-12,271,Active
92,8968520815195393,Debit,2030-03-16,365,Active
93,4093348605221273,Debit,2028-12-20,549,Active
94,2053670492394104,Debit,2031-08-28,600,Active
95,2389147858566356,Debit,2028-01-15,313,Active
96,0006889873137384,Credit,2029-08-21,721,Active
97,9158756180865937,Credit,2028-10-26,420,Active
98,4025173489429998,Debit,2030-06-08,809,Active
99,0065021420667696,Debit,2027-07-26,775,Active
100,7179839904865579,Debit,2027-03-01,820,Active
101,3605181449346484,Debit,2030-08-22,455,Active
102,1905534952235341,Debit,2031-10-27,440,Active
103,3198674081336525,Debit,2028-02-26,626,Active
104,7659212243380213,Debit,2030-09-25,693,Active
105,5395011985527918,Debit,2031-07-18,412,Active
106,2644783262327585,Debit,2031-11-20,337,Active
107,5498967606384338,Debit,2031-04-04,870,Active
108,8916418698307552,Credit,2031-05-30,478,Active
109,1111842268119967,Credit,2028-10-23,190,Active
110,5330726097691653,Debit,2031-12-01,243,Active
111,2607675419197534,Debit,2030-01-20,374,Active
112,6477781731622725,Debit,2031-01-04,134,Active
113,2641677551883424,Debit,2031-11-29,261,Active
114,8066300242461842,Debit,2030-01-13,128,Active
115,7079467287833883,Debit,2027-09-13,653,Active
116,9794460281459771,Credit,2030-10-03,390,Active
117,4130188839395278,Debit,2030-11-25,921,Blocked
118,9205012612914406,Debit,2027-09-13,678,Active
119,7329028933646918,Debit,2027-08-13,304,Active
120,6371164883306157,Debit,2028-06-06,675,Active
121,8496699849629462,Credit,2029-02-08,428,Active
122,3194458439803510,Credit,2030-12-02,190,Active
123,0050945520072877,Debit,2028-06-25,903,Active
124,4691018399480491,Credit,2030-01-14,475,Active
125,1006927730197761,Credit,2028-01-10,247,Active
126,8459583924698267,Debit,2029-11-27,403,Active
127,5092463563348244,Debit,2028-12-14,959,Active
128,3983504186557743,Debit,2028-12-07,649,Active
129,6936093880923639,Debit,2031-07-07,276,Active
130,4499319608095736,Debit,2029-10-08,517,Active
131,7377216663073311,Debit,2029-02-14,117,Active
132,9177680649605919,Debit,2031-09-05,194,Active
133,7460555466988792,Debit,2027-03-26,705,Blocked
134,4335710141837276,Debit,2027-05-25,454,Active
135,3312834256454865,Debit,2027-05-12,210,Active
136,0036328550051464,Credit,2031-09-17,160,Active
137,9328499442347781,Debit,2031-03-02,230,Active
138,8833517209292541,Debit,2027-03-08,636,Active
139,0626119544219996,Credit,2030-08-23,256,Active
140,3612147920604782,Debit,2030-02-17,644,Active
141,5198317198649438,Debit,2029-12-04,972,Active
142,1377735521184761,Debit,2028-02-06,307,Active
143,4031795718749866,Debit,2028-11-06,149,Active
144,6481287309870181,Debit,2029-02-12,828,Active
145,8033049339219262,Debit,2028-01-18,296,Active
146,2391491592003534,Debit,2031-06-13,464,Active
147,6464670328230743,Debit,2031-03-17,970,Active
148,8098593254317978,Debit,2028-12-06,591,Active
149,0548060224155646,Debit,2029-10-28,132,Active
150,9084724258370969,Debit,2031-07-22,872,Active
151,8468109778142339,Debit,2029-01-17,948,Active
152,1710221648038958,Debit,2029-06-18,220,Active
153,5342748360313159,Credit,2028-08-23,823,Active
154,6415602474486579,Debit,2031-11-23,814,Active
155,6829011134574390,Debit,2027-07-26,122,Active
156,6596750625553446,Debit,2030-01-15,192,Active
157,1717843243447453,Debit,2029-07-28,713,Active
158,0722031758946970,Debit,2030-01-26,981,Active
159,3487084367360280,Debit,2030-07-25,553,Active
160,5085247952804723,Debit,2028-02-08,431,Active
161,2025123695456339,Debit,2028-12-21,409,Active
162,1335475990708021,Credit,2027-12-21,566,Active
163,3923200156881972,Debit,2031-09-05,408,Active
164,7601840816460227,Debit,2029-07-03,601,Active
165,8661210101848495,Debit,2031-09-27,462,Active
166,5016943653628471,Credit,2031-07-26,385,Active
167,6431449823929509,Debit,2030-09-22,541,Active
168,2996071822536413,Debit,2030-08-16,922,Active
169,2548850244322209,Debit,2028-01-13,268,Active
170,6801622700170112,Debit,2030-07-31,243,Active
171,1703349927410954,Debit,2028-09-30,590,Active
172,2397827479275481,Credit,2030-10-05,931,Blocked
173,4359212030212000,Debit,2030-11-22,586,Active
174,8259218283597848,Debit,2031-10-20,782,Active
175,5725870020612439,Debit,2030-10-30,207,Active
176,0457912835574790,Debit,2029-12-23,410,Active
177,2647893840847709,Debit,2031-05-25,977,Active
178,2208909697273686,Debit,2030-10-20,682,Active
179,1931656089911456,Debit,2029-11-19,821,Active
180,6153857202517771,Debit,2031-12-11,825,Active
181,6520723244755626,Debit,2027-04-28,392,Active
182,3287061310077367,Credit,2028-10-19,101,Active
183,0441777457022475,Debit,2029-05-18,651,Active
184,1704117945696909,Debit,2030-01-30,357,Active
185,1786884704544027,Debit,2031-12-18,622,Active
186,2515185436017427,Debit,2027-12-01,324,Active
187,5953244256348122,Credit,2030-06-12,247,Active
188,2507816349883918,Debit,2030-01-21,576,Blocked
189,5088549254730133,Debit,2031-09-22,388,Active
190,9084424876330114,Debit,2031-08-05,787,Active
191,7355469061715462,Debit,2029-07-28,577,Blocked
192,4430308688255649,Debit,2031-11-11,976,Active
193,4136899657473170,Debit,2027-05-19,488,Active
194,9822493383643835,Debit,2030-01-02,313,Active
195,4318668148702022,Debit,2027-06-07,394,Active
196,4323901919211755,Debit,2028-06-21,614,Active
197,8390768779978204,Debit,2029-08-29,639,Active
198,4149560000155173,Debit,2031-11-08,479,Active
199,0130077931738088,Credit,2028-10-12,458,Active
200,5138738960398334,Debit,2029-12-25,501,Active
201,2733607495185325,Debit,2030-05-20,955,Blocked
202,7129519266589200,Debit,2027-11-26,210,Active
203,1909520107227786,Credit,2030-07-15,542,Active
204,2787739790711031,Debit,2027-08-28,163,Active
205,0254925297321136,Debit,2029-02-18,199,Active
206,1810732465429311,Debit,2029-04-28,863,Active
207,1842870700767774,Debit,2027-02-11,991,Active
208,0894054234949617,Debit,2029-12-07,791,Active
209,7328755713913665,Debit,2031-05-30,109,Blocked
210,0851712311296450,Debit,2028-05-21,605,Active
211,7524514997245865,Credit,2028-08-26,863,Active
212,5922456330319505,Credit,2031-08-08,645,Active
213,8910249997406622,Debit,2031-04-01,774,Active
214,5020203690879072,Debit,2027-04-15,915,Active
215,8620278129281357,Credit,2027-11-22,889,Active
216,7304297928964036,Debit,2029-04-30,431,Active
217,3238470988795613,Debit,2028-10-27,921,Active
218,0005666312431678,Credit,2028-04-02,149,Active
219,5750399970613739,Debit,2031-12-01,137,Active
220,4973763697457521,Debit,2031-11-30,501,Active
221,5028108289979232,Debit,2028-09-28,465,Active
222,0316767669493264,Credit,2029-09-15,238,Active
223,9834856603082648,Debit,2027-09-29,777,Active
224,7421305447335831,Debit,2028-08-02,463,Active
225,2185823402259540,Debit,2028-10-08,135,Active
226,9044390042771873,Credit,2031-04-15,167,Active
227,4882078215549057,Credit,2027-03-06,701,Active
228,1834239307280897,Credit,2031-05-14,357,Active
229,8030849076840081,Debit,2028-03-05,582,Active
230,8314267705672600,Debit,2031-08-20,187,Active
231,7952133251290855,Debit,2027-12-19,196,Active
232,0868603856590376,Debit,2027-09-14,407,Active
233,0047489679825385,Debit,2029-11-25,120,Active
234,5233102990748269,Debit,2029-08-09,277,Active
235,4561818668563643,Credit,2029-01-08,624,Active
236,4154894608204837,Debit,2027-10-16,235,Active
237,4989552578352376,Debit,2027-04-01,810,Active
238,6466395698550354,Debit,2027-06-02,246,Active
239,2735832448907665,Debit,2031-10-11,463,Active
240,7988848176651844,Debit,2030-03-02,918,Active
241,9473474470150635,Debit,2027-09-03,379,Active
242,1232425300447918,Credit,2028-07-21,412,Active
243,6293846468215769,Debit,2031-08-05,103,Active
244,2159894864639719,Credit,2031-03-18,554,Active
245,2760700311456330,Debit,2029-02-21,176,Active
246,5243388025612879,Debit,2030-06-01,486,Active
247,4831819203708089,Debit,2029-05-31,524,Active
248,1066316806395493,Debit,2029-04-08,236,Active
249,4379228840214419,Credit,2031-10-14,250,Active
250,5029516590044842,Credit,2027-06-06,570,Active
251,7052943534659704,Debit,2027-12-14,777,Active
252,6681240918767692,Credit,2030-01-27,740,Active
253,2990683484968940,Debit,2028-09-26,396,Active
254,0900068008572203,Debit,2028-06-15,409,Active
255,3631451286441226,Credit,2029-07-14,487,Active
256,2004530990070831,Debit,2031-08-09,130,Active
257,4632246782930415,Credit,2029-09-19,864,Active
258,2324767205640403,Debit,2028-11-06,829,Active
259,5093738525446929,Debit,2028-05-21,631,Active
260,5042649209673498,Debit,2029-10-22,114,Active
261,9007612693635638,Credit,2028-04-18,530,Active
262,8924467899955206,Debit,2028-07-20,407,Active
263,9928111093159670,Debit,2031-03-14,729,Active
264,7643597805831542,Debit,2028-05-13,764,Active
265,5182606057368765,Debit,2029-11-09,743,Active
266,9088954599587444,Debit,2028-04-06,959,Active
267,5454237089870820,Debit,2027-11-08,748,Active
268,7104026773094190,Credit,2028-11-05,121,Blocked
269,1623676477378478,Debit,2028-12-17,359,Active
270,2094962287791161,Debit,2031-03-23,661,Active
271,3486669594267098,Debit,2030-01-20,220,Active
272,9197816986189029,Debit,2027-10-17,722,Active
273,7676078522270812,Debit,2030-04-04,322,Active
274,5457626980909187,Credit,2030-09-02,212,Active
275,4058896333374189,Debit,2030-02-25,593,Active
276,9783004138857238,Debit,2027-08-19,902,Active
277,5543579985069143,Debit,2031-08-16,339,Active
278,2135671247994024,Debit,2029-07-04,140,Active
279,0765704543874946,Debit,2028-05-25,568,Active
280,7882098478883847,Credit,2027-04-19,370,Active
281,9787119368983307,Debit,2030-03-19,282,Active
282,6207767483267378,Debit,2029-09-30,769,Active
283,4917718712023159,Credit,2030-02-22,558,Active
284,6434079721670472,Debit,2027-04-07,404,Active
285,7296637230947581,Debit,2029-10-28,161,Active
286,5457261701284000,Debit,2031-01-04,442,Active
287,8083008875286537,Debit,2030-10-05,655,Active
288,9832281587606933,Debit,2028-09-12,838,Active
289,0341917776362316,Credit,2031-10-05,204,Active
290,7133871157298111,Debit,2029-05-04,787,Active
291,8443661685206755,Debit,2031-05-27,267,Active
292,5325117429318138,Credit,2031-05-14,196,Active
293,3352467699130143,Debit,2029-10-01,129,Active
294,8451064301521510,Credit,2027-07-21,326,Blocked
295,8068488653660369,Credit,2030-09-06,508,Active
296,3694017481203370,Credit,2027-08-05,252,Active
297,7302368894149387,Debit,2027-01-18,416,Active
298,8222092116225769,Debit,2027-07-14,128,Active
299,7207513356143119,Debit,2031-06-19,621,Active
300,1559939393437729,Debit,2030-09-24,860,Active
301,0501867112793381,Debit,2030-09-12,205,Active
302,2774126662144525,Debit,2030-04-13,468,Active
303,5440216116291093,Debit,2031-10-04,383,Active
304,8764879445040676,Debit,2028-08-06,971,Active
305,6653637106711114,Credit,2029-11-24,882,Active
306,5369581958223413,Debit,2031-05-18,121,Active
307,7687235695718226,Debit,2028-06-17,262,Active
308,0340827618844905,Debit,2029-05-29,604,Active
309,6792361340611272,Debit,2027-01-26,296,Active
310,6895831678292177,Debit,2028-06-15,319,Active
311,3072983799469549,Debit,2030-12-22,957,Active
312,1202924859084958,Debit,2029-12-06,834,Active
313,3559487782505468,Debit,2028-03-02,554,Active
314,5028567978346985,Credit,2028-02-21,525,Active
315,0019345646370732,Debit,2028-02-06,117,Active
316,3472010237407149,Debit,2030-07-05,729,Active
317,9040743178768883,Debit,2027-11-26,538,Active
318,3907647146052081,Debit,2030-09-03,194,Active
319,2141403208179125,Debit,2031-08-07,970,Active
320,6572607870766297,Debit,2031-09-14,336,Active
321,6453626678558844,Debit,2029-02-19,609,Active
322,9521952380728302,Credit,2031-07-28,951,Active
323,9064782861203534,Debit,2029-07-01,318,Active
324,0607098466505298,Debit,2030-01-25,880,Active
325,6642284875785563,Debit,2028-07-08,404,Active
326,6554902480464658,Debit,2031-01-31,301,Active
327,5695121504140270,Debit,2027-11-23,193,Active
328,8352684113388265,Debit,2030-09-21,928,Blocked
329,8552372346626919,Debit,2028-10-08,679,Active
330,4008115948897882,Credit,2031-02-09,629,Active
331,3289819252136680,Credit,2028-09-14,485,Active
332,2070012848308500,Debit,2031-05-14,248,Active
333,0683672972247835,Debit,2027-11-27,763,Active
334,1549363458953084,Debit,2027-12-09,624,Active
335,1938816222964599,Debit,2030-06-03,257,Active
336,7467822780037358,Debit,2030-07-22,887,Active
337,9168159139281381,Debit,2030-02-01,410,Active
338,2797591299315480,Debit,2031-08-13,233,Active
339,2909194490657243,Credit,2030-06-23,105,Active
340,0793131983836926,Debit,2027-07-17,416,Active
341,3486251374692184,Credit,2030-01-20,783,Active
342,4437903921560471,Debit,2028-11-20,380,Active
343,7127025348791051,Debit,2027-03-12,233,Active
344,3004666154540255,Debit,2031-03-04,959,Active
345,0415413965864119,Credit,2028-04-21,458,Active
346,3467547442356475,Debit,2029-12-17,708,Active
347,5710685533970260,Debit,2028-06-15,324,Active
348,1485406351825590,Debit,2029-10-28,807,Active
349,0216134267503370,Debit,2030-07-18,459,Active
350,6541455929203134,Credit,2028-01-10,876,Active
351,5692529572713012,Debit,2031-01-15,540,Active
352,0709654925673179,Debit,2029-02-23,991,Active
353,4315642874091949,Credit,2028-08-26,627,Active
354,2328877875420116,Debit,2030-06-19,138,Active
355,9575325000045749,Debit,2028-06-07,313,Active
356,8532580713455603,Debit,2030-02-09,341,Active
357,9206388448047706,Debit,2028-09-06,593,Active
358,3039311624617393,Debit,2028-09-09,733,Active
359,1295938534074980,Debit,2031-05-23,546,Active
360,3357045863839070,Credit,2030-04-17,692,Active
361,8263255465091492,Debit,2029-04-16,748,Active
362,8231092222231153,Debit,2030-08-20,447,Active
363,4505659720475085,Debit,2029-08-10,942,Active
364,6933596535045861,Debit,2031-04-30,928,Active
365,1342433062060120,Credit,2031-09-11,143,Active
366,5618752304596586,Credit,2030-02-05,415,Active
367,9120255242484323,Credit,2028-03-29,187,Active
368,2137060712456555,Debit,2028-04-20,322,Active
369,2504064341720892,Debit,2027-02-23,804,Active
370,1526831046924233,Credit,2027-11-02,369,Active
371,1647812868723564,Debit,2029-10-01,669,Active
372,5354423595869135,Debit,2028-12-06,461,Active
373,7539080170989720,Debit,2029-01-13,495,Active
374,8548559999600065,Debit,2029-04-07,169,Active
375,7584507089597657,Debit,2028-08-26,498,Active
376,0734239184259557,Credit,2028-09-18,564,Active
377,1883992103358288,Debit,2028-01-07,233,Active
378,2268341340225876,Debit,2031-01-08,761,Active
379,2529006986768337,Credit,2027-02-02,801,Active
380,3426074215569105,Debit,2030-06-21,940,Active
381,1354372321751187,Debit,2030-09-12,887,Active
382,4240166568505646,Debit,2029-08-29,401,Active
383,9802942221068639,Debit,2029-08-20,695,Active
384,9913324453389828,Debit,2027-07-28,688,Active
385,6862441154825941,Debit,2031-12-06,555,Active
386,8982926161770569,Debit,2031-06-20,625,Active
387,7769730061285635,Debit,2027-09-25,612,Active
388,0867579267077112,Debit,2029-09-20,193,Active
389,9825284816432094,Debit,2030-09-09,468,Active
390,7490123123987515,Debit,2030-05-07,246,Active
391,3098636739409261,Debit,2027-09-22,638,Active
392,2327277794685589,Debit,2027-04-29,299,Active
393,7242780796316887,Debit,2029-07-27,579,Active
394,8617109935404526,Credit,2027-07-19,587,Active
395,0558526802086482,Debit,2031-12-30,146,Active
396,5858488398279728,Credit,2028-03-06,488,Active
397,1313917942209475,Credit,2027-05-19,757,Active
398,4212074402437164,Debit,2028-08-26,610,Active
399,9393826811026831,Credit,2029-02-22,325,Active
400,6390569471354585,Debit,2028-12-26,964,Active
401,7297173360664947,Debit,2029-02-24,806,Active
402,8732857426168771,Debit,2028-07-11,575,Active
403,7242378617482226,Debit,2029-04-29,864,Active
404,5382026438452105,Credit,2031-01-03,447,Active
405,5710726578001504,Debit,2030-08-06,274,Active
406,4942664772241320,Debit,2031-01-29,881,Active
407,4526807857380208,Debit,2030-11-30,157,Active
408,7300326474049822,Credit,2028-02-22,922,Active
409,9528691016838912,Debit,2029-06-22,209,Active
410,0735737229150648,Debit,2031-12-21,956,Active
411,8390632952583460,Debit,2031-02-11,885,Active
412,9509916050201161,Debit,2028-03-25,339,Active
413,8610818056235983,Debit,2029-10-30,650,Active
414,4895091537917366,Debit,2029-02-20,914,Active
415,6174254068586124,Debit,2031-03-30,705,Active
416,6056067656557494,Debit,2030-08-31,707,Active
417,3568229747381491,Debit,2027-01-28,829,Active
418,7347956104465378,Debit,2028-01-05,486,Active
419,7823228517831674,Debit,2030-06-05,462,Active
420,0996457439397181,Debit,2030-04-01,305,Active
421,2496556875673498,Debit,2027-06-30,910,Active
422,9853009403427172,Debit,2027-05-21,375,Active
423,1798928565267473,Credit,2028-05-10,430,Active
424,3606233056838451,Credit,2031-04-01,824,Active
425,0133169514500974,Debit,2028-04-28,439,Active
426,0986659360350763,Debit,2029-08-13,913,Active
427,3273461925377638,Debit,2031-08-14,623,Active
428,2003740824344328,Debit,2031-04-02,340,Active
429,1011632091022004,Debit,2028-06-06,753,Active
430,0979680939562815,Credit,2029-07-15,371,Active
431,4139159164557049,Debit,2030-04-01,793,Active
432,3684333680142175,Debit,2027-02-24,375,Active
433,4076369127532505,Credit,2028-04-22,237,Active
434,9937006803701948,Debit,2029-01-11,960,Active
435,9166186496017145,Debit,2030-12-09,246,Active
436,8999026354347571,Debit,2027-07-24,114,Active
437,9636641604651654,Debit,2029-12-18,758,Active
438,4817118851787847,Debit,2027-04-23,204,Active
439,3556822687917767,Debit,2031-06-27,837,Active
440,0491668996498079,Debit,2028-04-01,835,Active
441,2811433692284807,Credit,2028-05-07,312,Active
442,8028011827978325,Credit,2027-09-17,931,Active
443,8810559737063381,Credit,2031-12-05,277,Active
444,5566736077166107,Debit,2030-12-12,389,Active
445,5014154077813932,Debit,2028-08-05,438,Active
446,9872963493655014,Debit,2028-05-04,312,Active
447,8272339550401914,Debit,2029-01-19,818,Active
448,1351835927638548,Debit,2027-04-13,357,Active
449,0996719065711110,Debit,2030-04-08,251,Active
450,2192118789511914,Debit,2028-10-23,314,Active
451,4134903960568624,Debit,2029-01-03,756,Active
452,4431474946355405,Debit,2031-01-16,969,Active
453,8174004971984418,Credit,2028-08-21,908,Active
454,0835873183626615,Debit,2030-08-22,996,Active
455,0506781882426258,Debit,2030-05-03,163,Active
456,6966513791933717,Debit,2029-03-21,347,Active
457,7362788892365961,Debit,2027-03-15,567,Active
458,9186194156604699,Credit,2027-10-29,719,Active
459,5770431268718518,Debit,2031-01-04,511,Active
460,9194444736358204,Debit,2029-07-31,740,Active
461,4992828830388803,Debit,2027-03-11,748,Active
462,5159145969503487,Debit,2029-01-26,585,Active
463,8091628966192694,Debit,2030-10-28,971,Active
464,1690312838367439,Debit,2031-04-24,894,Active
465,1421879086227870,Debit,2030-01-14,879,Active
466,9091505369334779,Credit,2027-10-17,610,Active
467,5268232576262535,Debit,2029-05-23,196,Active
468,7715724296484036,Debit,2028-11-19,304,Active
469,1973152983368107,Debit,2029-05-26,270,Active
470,9416148954313868,Credit,2031-05-18,913,Active
471,0182407568987309,Debit,2029-02-10,524,Active
472,4059016163085904,Debit,2030-08-08,164,Active
473,5718797108235120,Debit,2030-06-14,867,Active
474,5132311246670783,Debit,2027-12-31,928,Active
475,1019912754125933,Debit,2030-06-14,221,Active
476,6602319665258290,Credit,2027-03-14,579,Active
477,3145085411969959,Credit,2030-03-31,870,Active
478,2649748617277208,Debit,2027-12-24,835,Active
479,0266665979318874,Debit,2028-07-18,845,Active
480,2527494752882082,Credit,2028-08-02,506,Active
481,7130357045250321,Credit,2028-12-31,298,Active
482,8005906202949617,Debit,2027-03-03,183,Active
483,6620401754780904,Debit,2031-11-17,618,Active
484,7102352184934442,Debit,2029-10-08,755,Active
485,8894938961549837,Debit,2031-02-12,169,Active
486,2185298044876486,Debit,2030-03-17,882,Active
487,5575820858305545,Debit,2031-11-17,711,Active
488,8402874517371204,Debit,2027-01-25,756,Active
489,6022490118516791,Debit,2030-02-16,330,Active
490,3464887111916204,Debit,2028-02-17,592,Active
491,8074719387152443,Credit,2027-06-02,773,Active
492,4976243476402552,Debit,2030-10-07,765,Active
493,7517800971220744,Debit,2031-03-19,118,Active
494,4466616892052939,Debit,2027-07-05,756,Active
495,4640752987216645,Debit,2030-12-22,519,Active
496,6076701922689388,Debit,2028-10-01,536,Active
497,6485660009007090,Debit,2030-01-05,468,Active
498,0116778989779536,Debit,2027-10-27,687,Active
499,5377848856371048,Credit,2027-06-26,651,Active
500,2196007335050208,Debit,2031-07-19,576,Active
501,0445679063030334,Debit,2027-07-28,968,Active
502,4982488924510044,Debit,2028-09-09,280,Active
503,8189713453462317,Debit,2028-01-27,985,Active
504,4491202475154726,Debit,2029-09-05,746,Active
505,9083356896126248,Debit,2030-10-09,260,Blocked
506,9202513463682005,Debit,2029-05-23,256,Active
507,9777652524623437,Debit,2030-12-20,300,Active
508,4523637846142463,Debit,2030-08-13,654,Active
509,6356453372523183,Debit,2028-10-30,364,Active
510,4216837938189004,Credit,2028-10-09,800,Active
511,2026546088029572,Debit,2030-12-19,451,Active
512,3596828649929374,Debit,2029-02-26,425,Active
513,3728537467711597,Debit,2031-03-22,612,Active
514,9728758232830012,Debit,2027-12-24,533,Active
515,7025087996451679,Debit,2027-12-03,466,Active
516,7993772433083350,Debit,2031-01-25,703,Active
517,0211586116641012,Debit,2029-07-31,539,Active
518,3670938123319210,Credit,2029-04-05,736,Active
519,2090398099927184,Debit,2029-02-20,189,Active
520,5443556532168864,Debit,2030-05-03,621,Active
521,2598307903682858,Debit,2028-02-14,484,Active
522,8596154981878183,Debit,2028-08-14,646,Active
523,5071896440043981,Credit,2030-05-11,221,Active
524,2361850976590695,Credit,2029-11-21,974,Active
525,1972723475086496,Credit,2029-04-25,122,Active
526,2825562169730882,Debit,2028-09-03,824,Active
527,0044902608380631,Debit,2028-09-26,197,Active
528,4106906148589828,Debit,2028-10-12,657,Active
529,2850624668803776,Credit,2028-03-01,570,Active
530,8648038076267632,Credit,2027-05-11,355,Active
531,6446980165210606,Debit,2029-01-19,276,Active
532,7501467307598039,Debit,2029-01-07,716,Active
533,5798784788642179,Debit,2030-11-08,126,Active
534,3002915329851733,Debit,2030-02-17,640,Active
535,8141396949292731,Credit,2030-07-06,205,Active
536,2778366898243996,Debit,2031-01-19,117,Active
537,3793028646958647,Credit,2028-05-04,234,Active
538,0427161273370001,Credit,2030-05-31,990,Active
539,1427873611605134,Debit,2028-05-07,623,Active
540,5341646576409396,Debit,2031-02-11,397,Active
541,9237357398442595,Credit,2027-08-15,182,Active
542,8366278673668041,Credit,2027-07-25,294,Blocked
543,2972352285864213,Debit,2030-07-29,663,Active
544,1830163241751231,Credit,2030-07-05,468,Active
545,5064364308743654,Credit,2027-11-15,187,Active
546,2036716881252078,Debit,2028-02-23,434,Active
547,6120534712680243,Debit,2030-12-20,669,Active
548,8288530056039945,Debit,2029-07-11,318,Active
549,5992850750189342,Debit,2031-06-21,243,Active
550,5414837318878287,Debit,2028-07-15,203,Active
551,2261136186150685,Credit,2027-01-11,325,Active
552,7520245468771273,Debit,2029-08-20,650,Active
553,2856208937922698,Debit,2031-08-09,458,Active
554,6088104334940625,Debit,2030-04-29,290,Active
555,3560193568047315,Credit,2027-10-05,162,Active
556,6665694809471038,Credit,2027-10-28,250,Active
557,7255506524581879,Debit,2031-10-01,401,Active
558,8677081630759738,Debit,2027-01-29,746,Active
559,7577383351208756,Debit,2028-04-20,663,Active
560,9498639429838733,Credit,2029-05-27,197,Active
561,6333441012759639,Debit,2029-09-28,895,Active
562,7733859706515994,Debit,2027-08-20,133,Active
563,6841910517454363,Debit,2028-11-10,774,Active
564,1332592549282319,Debit,2029-02-09,345,Active
565,8974721939542358,Debit,2028-01-31,412,Active
566,6095136662628578,Debit,2030-03-13,948,Active
567,9193043138006038,Debit,2031-01-01,996,Active
568,6762928518524347,Debit,2027-06-21,364,Active
569,6599839303340220,Debit,2029-05-07,937,Active
570,6761307203612247,Debit,2029-10-19,593,Active
571,6012924665507400,Debit,2031-06-17,180,Active
572,6893159362605532,Debit,2028-12-18,349,Active
573,9868782137125054,Debit,2027-09-27,576,Active
574,4343662949038449,Debit,2030-10-12,128,Active
575,1748028607375895,Debit,2027-04-22,103,Active
576,4529692709150755,Credit,2028-04-17,827,Active
577,9445860548893938,Credit,2029-01-13,800,Active
578,3818338786062725,Credit,2027-10-29,916,Active
579,0324333738985541,Debit,2031-02-26,568,Active
580,2325894054755371,Debit,2027-03-09,678,Active
581,1023487163980614,Debit,2031-06-20,359,Active
582,7478197229210686,Debit,2031-07-24,770,Active
583,3697452164752295,Credit,2030-02-15,103,Active
584,4582028578165365,Debit,2027-10-29,938,Active
585,7768647621270996,Debit,2031-03-08,993,Active
586,4823742914078089,Debit,2029-08-21,449,Active
587,7537974693867679,Debit,2030-08-28,326,Active
588,1535076395278864,Debit,2030-09-13,116,Active
589,5718002204911679,Credit,2030-01-19,443,Active
590,0379536039136913,Debit,2030-07-13,438,Active
591,0480143607893346,Debit,2027-04-20,416,Active
592,6503363718125783,Debit,2029-05-27,301,Active
593,5130577337754640,Debit,2030-03-14,164,Active
594,3201094481927761,Debit,2029-04-19,739,Active
595,3020586583183447,Debit,2027-06-17,837,Active
596,8488356625986029,Credit,2029-02-07,392,Active
597,9364483316393897,Debit,2029-08-25,162,Active
598,0787205826024705,Debit,2030-09-27,746,Active
599,5507794286257911,Debit,2028-05-01,996,Active
600,4005632198592895,Debit,2030-04-30,211,Active
601,9680744876198945,Debit,2031-10-31,981,Active
602,5606463641430420,Debit,2029-07-19,507,Active
603,7289921000722279,Debit,2029-11-21,877,Active
604,6242575672666212,Debit,2029-04-04,989,Active
605,4380201148697129,Debit,2027-01-13,566,Active
606,4173811762500180,Credit,2029-08-19,814,Active
607,1866960558006980,Credit,2031-02-08,875,Active
608,9191271451904026,Debit,2028-12-06,495,Active
609,9907022825656794,Debit,2028-04-27,750,Blocked
610,2531845822951400,Credit,2029-10-19,737,Active
611,6245269489061252,Debit,2028-12-20,776,Active
612,7609192243201910,Credit,2030-09-08,786,Active
613,8509747230749560,Debit,2027-11-20,345,Active
614,1604006338580319,Debit,2030-05-26,560,Active
615,3259275754307559,Debit,2027-05-22,921,Active
616,6170159376138540,Debit,2028-11-15,759,Active
617,1633628405254209,Credit,2031-04-19,431,Blocked
618,8661321817934991,Debit,2028-01-15,148,Active
619,5485949302212214,Credit,2030-01-09,109,Active
620,0307406596537199,Credit,2030-04-06,678,Active
621,3023476925676073,Credit,2029-01-06,830,Active
622,8353652531760501,Debit,2028-07-10,205,Active
623,1523967053413849,Debit,2028-03-22,343,Active
624,2936705346082093,Debit,2030-12-22,682,Active
625,9309724690634298,Debit,2027-10-14,562,Active
626,6359087828038123,Debit,2029-09-19,482,Active
627,2404127213505417,Credit,2027-08-05,837,Active
628,4969326036586666,Debit,2027-06-11,518,Active
629,3167677042064737,Debit,2028-05-27,629,Active
630,8263328902935904,Debit,2027-04-23,857,Active
631,4671762690658682,Credit,2030-07-21,765,Active
632,6551879405513280,Credit,2027-12-24,810,Active
633,3820276274481665,Debit,2027-05-26,794,Active
634,9633020486814993,Debit,2028-06-11,581,Active
635,9406637396506860,Debit,2031-08-17,715,Active
636,0231930012728112,Credit,2030-09-24,995,Active
637,8919752330943408,Debit,2029-04-01,864,Active
638,1064856179323796,Debit,2029-06-14,502,Active
639,1527295641734123,Credit,2030-12-09,890,Active
640,2403844352073781,Credit,2030-01-18,344,Active
641,2947936664990912,Debit,2030-09-02,413,Active
642,8031392276439227,Credit,2030-01-27,912,Active
643,0806999510115838,Debit,2031-02-19,262,Active
644,0474844418914355,Debit,2028-10-10,228,Active
645,2017835790501409,Debit,2030-02-23,286,Active
646,0917923594797346,Debit,2030-05-15,931,Active
647,8810778538927189,Credit,2027-10-14,988,Active
648,9524139256285289,Debit,2027-11-29,318,Active
649,4034425447774679,Credit,2031-09-16,667,Active
650,2221401253522218,Debit,2031-11-05,397,Active
651,2366814509122096,Debit,2031-12-14,811,Active
652,9965737578345747,Debit,2031-10-13,456,Active
653,2205380491782581,Debit,2029-08-25,631,Active
654,9067742107826237,Debit,2027-08-31,707,Active
655,9692921558752049,Debit,2029-07-12,869,Active
656,1307748398880268,Debit,2027-06-16,400,Active
657,2650969732465830,Debit,2030-01-23,566,Active
658,1458173916493189,Debit,2031-09-23,457,Active
659,2623782146968881,Debit,2031-03-23,187,Active
660,2492853833202538,Debit,2027-03-13,834,Active
661,4902717471557658,Debit,2031-06-22,584,Active
662,7956758666577018,Debit,2029-09-01,662,Active
663,0269990643569916,Debit,2029-04-08,258,Active
664,7475536017126830,Credit,2029-07-09,937,Active
665,2007412874734474,Debit,2030-02-24,811,Active
666,1625477190194975,Debit,2031-11-07,513,Active
667,3163662948872040,Debit,2029-07-23,274,Active
668,0360854256913550,Debit,2030-09-04,479,Active
669,6922759191748384,Debit,2029-07-15,702,Active
670,6623229961905548,Debit,2030-02-08,761,Active
671,1289887237031391,Credit,2030-11-01,161,Active
672,9131785563455607,Credit,2028-10-06,589,Active
673,4180905653015441,Debit,2027-07-02,642,Active
674,4803174279997566,Debit,2031-05-27,236,Active
675,9876023991962691,Debit,2031-12-21,523,Active
676,7066780917878419,Debit,2030-02-15,490,Active
677,0756913194784775,Debit,2031-01-16,607,Active
678,6809549437550798,Debit,2029-01-03,520,Active
679,3433460350469463,Debit,2030-09-04,804,Active
680,5085864643443847,Credit,2027-05-22,491,Active
681,4323657407614510,Debit,2031-07-05,164,Active
682,6590127767631209,Debit,2030-02-16,960,Active
683,7833196143948068,Debit,2027-03-09,363,Active
684,3789397879621961,Debit,2028-09-14,846,Active
685,0080997430103489,Credit,2030-03-23,168,Active
686,3151449346204189,Credit,2027-02-15,283,Active
687,8196280651051234,Credit,2030-05-16,556,Active
688,5208140201469360,Debit,2031-06-21,184,Active
689,7198884029558041,Credit,2029-01-11,300,Active
690,7141196104558339,Debit,2031-10-22,787,Active
691,6491666080438779,Credit,2028-11-11,784,Active
692,1047490317624184,Debit,2027-02-12,207,Active
693,6769444625550280,Debit,2031-04-18,583,Active
694,2985329815935568,Credit,2030-04-01,367,Active
695,0148217122683774,Debit,2029-04-04,596,Active
696,2718564989330224,Debit,2027-12-04,476,Active
697,2863565199346995,Debit,2028-04-16,997,Active
698,2175127790181809,Debit,2027-10-01,313,Active
699,2848835210266703,Debit,2031-01-06,298,Active
700,8944906501894906,Debit,2029-08-09,402,Active
701,4196464634872488,Debit,2031-11-17,102,Active
702,3765196912877711,Debit,2027-06-25,124,Blocked
703,8036272650366018,Credit,2027-09-10,183,Active
704,4422375256673566,Debit,2029-01-20,245,Active
705,9375949400780654,Credit,2030-04-25,146,Active
706,4698701313398653,Debit,2027-03-01,365,Active
707,9975479909570229,Credit,2029-01-12,867,Active
708,2115676294440505,Debit,2027-08-15,260,Active
709,5265054587151566,Debit,2029-09-19,388,Active
710,6656600425846971,Debit,2027-10-01,904,Active
711,7677801607906537,Debit,2029-04-26,329,Active
712,1426252119158736,Credit,2031-07-16,534,Active
713,8699854931198849,Credit,2030-09-08,599,Active
714,5276338578941236,Debit,2029-08-28,761,Active
715,4670166959620263,Debit,2028-02-28,360,Active
716,4228227256808057,Debit,2027-06-11,410,Active
717,9705024791745371,Debit,2031-06-29,719,Active
718,5079428539831766,Debit,2030-07-21,669,Active
719,3218785825759689,Debit,2029-12-21,498,Active
720,1425795161778967,Debit,2031-06-30,213,Active
721,2959048091001108,Credit,2029-10-31,139,Active
722,1077966008585775,Debit,2028-01-16,902,Active
723,5448451421733945,Debit,2031-01-19,790,Active
724,9057654045773795,Debit,2028-12-08,972,Active
725,5474333284875729,Debit,2027-07-04,654,Active
726,9966328772963316,Debit,2030-09-21,806,Active
727,9027954636979255,Debit,2027-06-17,834,Active
728,9075551904302567,Credit,2027-03-16,357,Active
729,0572491457186742,Debit,2028-02-27,759,Active
730,3393492083029741,Debit,2029-04-17,718,Active
731,7857460092290199,Credit,2030-06-09,593,Active
732,9711474652919076,Debit,2028-02-06,572,Active
733,3375581738079390,Debit,2030-11-17,464,Active
734,4584923360631310,Debit,2029-07-22,808,Active
735,7348817854882941,Debit,2029-02-10,178,Active
736,6939280274560793,Debit,2030-12-09,534,Active
737,2457018596218408,Debit,2030-11-23,253,Active
738,4290349592272181,Debit,2029-08-07,900,Active
739,0846958601033003,Credit,2029-07-19,262,Active
740,4224996127358618,Debit,2029-11-02,179,Active
741,9840477230860357,Credit,2030-11-03,415,Active
742,0812519427721244,Credit,2028-05-29,228,Active
743,5584744897694996,Debit,2029-01-09,431,Active
744,2506520159312305,Debit,2029-07-02,574,Active
745,5828240028276372,Debit,2028-06-05,162,Active
746,4795161192279923,Debit,2030-07-21,140,Active
747,5434644668981178,Debit,2029-03-16,774,Active
748,4289005953806777,Debit,2027-09-25,846,Active
749,5866706593451435,Debit,2029-12-14,123,Active
750,7555656606529690,Debit,2031-07-01,116,Active
751,4378496569750057,Debit,2031-05-16,737,Active
752,3851787756234840,Credit,2028-05-30,372,Active
753,5272309320296624,Debit,2029-09-28,969,Active
754,2963529013972445,Debit,2030-02-05,512,Active
755,6984332388938514,Debit,2031-10-06,512,Active
756,2778552124429131,Debit,2028-05-13,868,Active
757,7215301937493603,Debit,2030-08-26,404,Active
758,6784913204739718,Debit,2029-06-17,126,Active
759,3426044975039229,Debit,2027-10-22,854,Active
760,2059534359038952,Credit,2028-01-24,504,Active
761,1180158806475012,Debit,2030-06-21,895,Active
762,0484815983936125,Debit,2030-04-08,957,Active
763,0857765458284592,Debit,2027-12-28,866,Active
764,1029070167056410,Debit,2031-11-01,826,Active
765,5101263761079156,Credit,2027-01-31,682,Active
766,2529878002490658,Credit,2028-01-27,695,Active
767,6242557439664016,Credit,2030-11-03,501,Active
768,5924617803718246,Credit,2030-04-06,890,Active
769,5478942364572286,Credit,2027-04-02,860,Active
770,1858386448962163,Debit,2029-07-20,146,Active
771,2234185438328719,Debit,2030-05-17,224,Active
772,2448080841573948,Debit,2030-06-28,790,Active
773,3785247618375496,Debit,2028-06-24,565,Active
774,6055317638873668,Debit,2029-03-11,951,Active
775,7840837418640631,Debit,2031-02-06,474,Active
776,3915408146132675,Credit,2031-09-22,271,Active
777,8338427337766052,Credit,2028-06-13,709,Active
778,9399004509874547,Debit,2028-05-08,572,Active
779,2241547769476505,Credit,2027-03-13,746,Active
780,0316825071689870,Credit,2030-07-14,319,Active
781,9631258132556380,Debit,2031-12-27,320,Active
782,9259032462268289,Debit,2027-09-20,533,Active
783,5809392094747790,Debit,2030-09-24,318,Active
784,3114944941935394,Debit,2030-05-05,688,Active
785,1026441524778718,Debit,2029-03-24,700,Active
786,1230986107587480,Credit,2031-09-12,137,Active
787,4523227149230620,Debit,2031-08-30,707,Active
788,7289137231695403,Credit,2029-01-23,726,Active
789,5516829027223292,Debit,2028-08-10,845,Active
790,2407740769335689,Debit,2028-08-11,703,Active
791,1629571398634893,Credit,2029-07-25,738,Active
792,1103592901986564,Debit,2027-12-05,286,Active
793,4924036842516458,Debit,2027-07-14,569,Active
794,9059238856147833,Debit,2027-06-14,829,Active
795,6188193849371810,Credit,2028-12-22,341,Active
796,3880025778492836,Credit,2031-09-25,143,Active
797,8861762983524612,Debit,2027-01-28,864,Active
798,3725903831585246,Debit,2030-05-09,915,Active
799,8132843583610718,Debit,2028-11-08,157,Active
800,7772023376940252,Debit,2029-07-29,204,Active
801,8140622420019350,Credit,2030-05-10,184,Active
802,7480061032337692,Debit,2027-08-16,802,Active
803,1665748696547821,Debit,2029-06-16,474,Active
804,6083428053558550,Debit,2028-11-06,815,Active
805,1898826587321744,Credit,2031-08-04,189,Active
806,6937819053223218,Debit,2027-02-16,614,Active
807,0285184109077255,Debit,2031-03-30,801,Active
808,2917386713420391,Debit,2030-05-30,888,Active
809,3863431977942026,Debit,2030-10-20,349,Active
810,5239323077988653,Debit,2029-06-15,193,Active
811,6285404338589439,Debit,2031-11-06,392,Active
812,2237160852285853,Debit,2028-09-05,107,Active
813,1472009499046613,Debit,2027-04-21,259,Active
814,9781348927085548,Debit,2029-03-25,197,Active
815,3186943391927382,Debit,2027-03-21,379,Active
816,3947780037233584,Debit,2027-09-12,403,Active
817,5537068193100560,Credit,2027-01-30,968,Active
818,2871355417399990,Debit,2028-05-10,765,Active
819,0281726361161129,Debit,2030-04-06,137,Active
820,5191809871516964,Debit,2028-01-01,379,Active
821,3541200361535095,Debit,2031-04-23,196,Active
822,2699756518631926,Credit,2031-10-05,939,Active
823,8359742731464414,Debit,2030-05-01,795,Active
824,0222081122996877,Debit,2027-11-02,196,Active
825,0733491334133957,Debit,2031-12-19,718,Active
826,0209478157817691,Debit,2029-03-14,396,Active
827,3202052427352451,Credit,2029-05-12,102,Active
828,7572064108616197,Debit,2028-11-28,543,Active
829,8597695931219702,Debit,2031-04-20,141,Active
830,2466475207977583,Debit,2031-04-16,706,Active
831,4511770129654036,Debit,2028-06-13,769,Active
832,4116166475684704,Debit,2027-01-03,935,Active
833,0890066388689533,Debit,2027-07-27,997,Active
834,3337536011822456,Debit,2031-06-12,304,Active
835,2093812932917006,Credit,2029-01-02,496,Active
836,0312197647887067,Credit,2027-05-22,752,Active
837,1265210539486657,Debit,2028-07-11,590,Active
838,5176517360072403,Debit,2031-10-16,198,Active
839,9386813481036366,Credit,2030-08-24,592,Active
840,0894153999379021,Debit,2027-12-08,552,Active
841,0175009543926267,Credit,2028-10-21,468,Active
842,9692588029228103,Credit,2028-01-06,136,Active
843,4455885890390945,Debit,2027-01-06,786,Active
844,3079051570929643,Debit,2030-01-30,719,Active
845,5400621775971231,Debit,2027-07-27,895,Active
846,7178333729858281,Debit,2031-06-03,990,Active
847,4752199642560172,Debit,2030-07-20,862,Active
848,2430831784145638,Credit,2031-01-05,823,Active
849,5673873005983826,Debit,2031-03-30,976,Active
850,3706655017069190,Credit,2028-03-07,927,Active
851,1022829352898251,Debit,2028-10-27,132,Active
852,6150359517037816,Debit,2029-11-11,786,Active
853,7197994214461939,Debit,2029-09-27,374,Active
854,8601911375810791,Debit,2030-02-28,684,Active
855,0369099806663397,Debit,2030-08-23,629,Active
856,3689764507782920,Debit,2031-10-21,753,Active
857,3101374349849580,Debit,2031-05-25,984,Active
858,6291871968441076,Credit,2027-04-01,768,Active
859,9172398252995733,Debit,2031-05-19,268,Active
860,8799225943707581,Debit,2027-01-22,897,Active
861,0288140572102852,Credit,2031-02-28,875,Active
862,4438767618695236,Debit,2030-01-19,961,Active
863,8463726758569432,Debit,2028-08-12,736,Active
864,6695080646748393,Debit,2028-09-18,294,Active
865,7875930425923607,Debit,2030-10-14,624,Active
866,6394541289110510,Debit,2027-04-11,946,Active
867,7507732102669924,Debit,2027-05-01,740,Active
868,5007951155793255,Debit,2029-06-07,792,Blocked
869,7445228772675711,Debit,2028-07-01,963,Active
870,5063491512914148,Credit,2031-09-28,241,Active
871,4253284947088234,Debit,2030-11-25,550,Active
872,8596524080671659,Debit,2027-02-27,382,Active
873,4935259486543616,Credit,2027-12-28,858,Active
874,8875208705238864,Debit,2029-12-08,587,Active
875,7207580867642732,Debit,2027-11-21,438,Active
876,3078804160603759,Debit,2027-12-16,647,Active
877,1137426942631094,Debit,2030-04-08,116,Active
878,9526462695901954,Debit,2027-05-02,240,Active
879,7970828594579719,Debit,2030-10-19,825,Active
880,4045894758725415,Credit,2027-06-16,811,Active
881,8717185721052033,Debit,2031-09-04,722,Active
882,7506903280964326,Debit,2031-09-15,953,Active
883,5933825138689685,Debit,2029-06-18,833,Active
884,3774854537724534,Debit,2031-06-09,746,Active
885,8005383373220645,Debit,2027-05-04,630,Active
886,8852890812365947,Debit,2028-11-29,660,Active
887,1504862779245108,Debit,2028-02-13,296,Active
888,4562428446174551,Credit,2031-03-11,976,Active
889,5918914514568348,Debit,2027-02-09,813,Active
890,1174899548896739,Debit,2027-07-21,946,Active
891,9313500341774296,Debit,2028-12-23,411,Active
892,0327121824825870,Debit,2031-06-10,392,Active
893,0178607479545270,Credit,2030-07-17,581,Active
894,7042586581009877,Debit,2031-12-02,673,Active
895,3194960532369331,Debit,2029-10-09,656,Active
896,6934210010502822,Debit,2029-02-11,914,Active
897,2033986820636498,Debit,2027-11-10,432,Active
898,1384256103482930,Debit,2029-10-05,910,Active
899,8578224387159663,Debit,2030-07-09,942,Active
900,4559090539730400,Credit,2030-01-12,403,Active
901,4938753840121544,Credit,2029-09-27,635,Blocked
902,3991980115424501,Credit,2030-04-08,344,Active
903,9045937679296255,Debit,2029-08-22,132,Active
904,5116860070744139,Debit,2027-02-25,575,Active
905,4352525507363134,Debit,2028-02-12,391,Active
906,1148742821393818,Debit,2027-09-23,469,Active
907,4879453921030683,Debit,2027-01-20,491,Active
908,6247303526051281,Credit,2031-10-07,402,Active
909,8175767650508152,Debit,2031-01-07,100,Active
910,7913641059559181,Credit,2029-04-22,550,Active
911,7099666273681066,Debit,2028-08-27,285,Active
912,3209774811138755,Debit,2029-12-25,190,Active
913,1354025602223651,Debit,2029-11-11,809,Active
914,0475961499799659,Debit,2030-09-20,225,Active
915,0382072281351867,Debit,2029-10-28,260,Active
916,1408020029406682,Debit,2030-02-26,283,Active
917,6011849951963418,Debit,2029-06-10,248,Active
918,0242184876368517,Credit,2028-06-11,381,Active
919,7091906879564436,Debit,2028-05-05,654,Active
920,2862212221159541,Debit,2027-03-12,356,Active
921,7738205076278636,Debit,2028-10-05,531,Active
922,7343879089506621,Debit,2029-02-12,106,Active
923,2373568663051977,Debit,2030-12-20,684,Active
924,3225025275559399,Debit,2027-07-31,247,Active
925,4750423774293706,Debit,2030-09-12,884,Active
926,8161798346408701,Debit,2028-10-16,678,Active
927,4549082861792926,Debit,2030-02-25,732,Active
928,8631146069945810,Debit,2027-03-07,341,Active
929,3590643561176396,Credit,2028-05-11,732,Active
930,4255896878989249,Debit,2028-05-29,246,Active
931,7210570288715726,Debit,2028-06-26,393,Active
932,4230444213305773,Debit,2031-12-19,535,Active
933,0342976226359659,Credit,2028-11-10,101,Blocked
934,5733802325342957,Debit,2027-11-28,274,Active
935,9932111414644181,Debit,2029-05-05,519,Active
936,1827815147149035,Debit,2029-10-16,447,Active
937,0876757150303875,Debit,2031-02-28,652,Active
938,6417003952474025,Debit,2029-02-01,536,Active
939,6835400967532857,Debit,2028-11-27,644,Active
940,7640688416519983,Debit,2030-06-03,583,Active
941,5886604912326888,Credit,2027-02-05,269,Active
942,1016373754986552,Debit,2028-09-21,206,Active
943,5441954763033855,Debit,2030-09-16,640,Active
944,8118434210152980,Debit,2031-11-13,620,Active
945,4441907827899251,Debit,2031-06-15,921,Active
946,9572881897206945,Debit,2028-02-02,991,Active
947,3839965620333354,Debit,2030-12-15,856,Active
948,6766758914924761,Debit,2031-01-21,623,Active
949,5279374438689924,Debit,2030-10-31,476,Active
950,9328280743541481,Credit,2027-12-10,888,Active
951,0539508441684167,Debit,2028-02-14,858,Active
952,2924401890786010,Debit,2031-02-23,388,Active
953,4852255286107855,Debit,2029-03-29,120,Active
954,1580964357153498,Debit,2030-01-13,602,Active
955,5776006320100868,Credit,2027-07-14,214,Active
956,0352157444571205,Debit,2028-12-13,689,Active
957,1827751326830457,Debit,2031-05-29,618,Active
958,7811640846892302,Debit,2030-05-23,337,Active
959,2086098529455547,Debit,2027-02-18,792,Active
960,4783771016901675,Debit,2029-11-15,155,Active
961,1064132265553373,Debit,2031-05-29,808,Active
962,8291438543278541,Debit,2027-02-06,492,Active
963,2666955657569868,Debit,2029-03-15,387,Active
964,9018685632018795,Debit,2031-02-18,544,Active
965,5636401092899556,Credit,2028-11-30,787,Active
966,0423790667136649,Credit,2028-09-23,463,Active
967,3806899456939209,Credit,2031-06-28,375,Active
968,8960359417313616,Debit,2030-01-02,331,Active
969,2888461393645539,Credit,2029-10-08,672,Active
970,4887820559777049,Credit,2030-02-02,208,Active
971,8789931745734882,Debit,2031-01-11,289,Active
972,0117461323879445,Debit,2028-09-07,224,Active
973,5483335376267558,Credit,2028-12-23,616,Active
974,4809540610226534,Debit,2030-02-12,838,Active
975,5755665778759033,Debit,2031-07-10,779,Active
976,8200050635903719,Credit,2030-01-14,201,Active
977,3985326104363130,Debit,2028-02-25,794,Active
978,1832286942241454,Debit,2027-04-28,239,Active
979,3814181409426575,Debit,2029-10-18,182,Active
980,4135894915388671,Debit,2028-06-15,868,Active
981,2504415417574834,Debit,2031-10-14,324,Active
982,6576944871375062,Debit,2030-10-05,632,Active
983,3223494171639318,Credit,2031-12-07,537,Active
984,7841219272557493,Credit,2028-02-25,868,Active
985,3489113076961283,Debit,2031-01-18,108,Active
986,3672543576100908,Debit,2029-06-20,199,Active
987,1140558077889436,Debit,2027-08-01,897,Active
988,2483201495698955,Debit,2028-01-11,553,Blocked
989,3224502931668400,Debit,2031-02-16,480,Active
990,1318098693009645,Debit,2027-01-12,530,Active
991,7915410234060343,Debit,2030-04-20,946,Active
992,7186494642078481,Debit,2027-07-31,589,Active
993,0535868182704258,Debit,2030-08-20,896,Active
994,9531575770795245,Credit,2031-02-18,978,Active
995,4927860421003964,Debit,2029-12-22,109,Active
996,6132086661046829,Debit,2028-09-14,844,Active
997,6685491707027193,Debit,2027-06-19,268,Active
998,0855089311896779,Debit,2031-11-09,789,Active
999,7420313979983051,Debit,2031-10-27,730,Active
1000,7343527866719881,Debit,2030-10-04,428,Active
